,Lifter,Date,variable,value
0,Bobb Matthews,06/08/2022,points_ipf_gl,118.59
1,Ashton Rouska,03/05/2022,points_ipf_gl,118.55
2,Brandon Pitre,06/08/2022,points_ipf_gl,117.87
3,Keenan Lee,08/28/2022,points_ipf_gl,117.6
4,Austin Perkins,08/06/2022,points_ipf_gl,117.22
5,Russel Orhii,06/08/2022,points_ipf_gl,116.58
6,Rondel Hunte,07/23/2022,points_ipf_gl,115.58
7,Jon Gruden,06/08/2022,points_ipf_gl,114.25
8,Angelo Fortino,06/08/2022,points_ipf_gl,114.19
9,Sean Noriega,06/08/2022,points_ipf_gl,113.94
10,Jawon Garrison,09/24/2022,points_ipf_gl,113.79
11,Jonathan Hill,06/08/2022,points_ipf_gl,113.37
12,Bryce Lewis,06/08/2022,points_ipf_gl,112.58
13,Marcus Adodo,10/15/2022,points_ipf_gl,111.72
14,JamaRR Royster,06/08/2022,points_ipf_gl,111.27
15,Jerald Scott,06/08/2022,points_ipf_gl,111.14
16,Morgan Aquino Garcia,06/08/2022,points_ipf_gl,110.64
17,Dominique Fuqua,01/29/2022,points_ipf_gl,110.46
18,Brian Le,10/08/2022,points_ipf_gl,110.41
19,Charles Okpoko,03/19/2022,points_ipf_gl,110.37
20,Kyle de Leon,06/08/2022,points_ipf_gl,110.26
21,Jimmy Villanueva,03/06/2022,points_ipf_gl,110.21
22,David Woolson,06/08/2022,points_ipf_gl,109.79
23,Connor Borkert,06/08/2022,points_ipf_gl,109.58
24,Anthony Bilal,09/03/2022,points_ipf_gl,109.5
25,Justin Rogers,03/05/2022,points_ipf_gl,109.43
26,Jared Martin,06/08/2022,points_ipf_gl,109.39
27,Christopher Perez,06/07/2022,points_ipf_gl,109.21
28,Joseph Borenstein,07/02/2022,points_ipf_gl,109.02
29,Dameion Morris,09/10/2022,points_ipf_gl,108.83
30,Kevin Nguyen,06/08/2022,points_ipf_gl,108.8
31,Neil Osano,08/06/2022,points_ipf_gl,108.63
32,Eric LaPointe,06/08/2022,points_ipf_gl,108.47
33,Joshua Tukua,09/10/2022,points_ipf_gl,108.47
34,Anas Anbar,06/08/2022,points_ipf_gl,108.35
35,Lorenzo Wright,03/19/2022,points_ipf_gl,108.17
36,Daniel Clements,06/08/2022,points_ipf_gl,108.08
37,Joshua Powell,10/08/2022,points_ipf_gl,108.0
38,Alex Luckow,06/08/2022,points_ipf_gl,107.82
39,Richard Cho,06/08/2022,points_ipf_gl,107.72
40,Tracy Gilliard,06/08/2022,points_ipf_gl,107.65
41,Mark Frezzell,06/08/2022,points_ipf_gl,107.51
42,Daniel Howell,06/08/2022,points_ipf_gl,107.03
43,Jacob Ramos,06/08/2022,points_ipf_gl,106.97
44,Uthdoung pros,03/06/2022,points_ipf_gl,106.84
45,Trevor Bowlus,02/26/2022,points_ipf_gl,106.81
46,Deon Johnston,06/08/2022,points_ipf_gl,106.78
47,Preston Savoy Jr,10/15/2022,points_ipf_gl,106.77
48,Charlie Yeng,06/08/2022,points_ipf_gl,106.75
49,Charvis Paia,06/07/2022,points_ipf_gl,106.72
50,Andre' Easter Ii,10/15/2022,points_ipf_gl,106.68
51,Kim Tran,06/08/2022,points_ipf_gl,106.58
52,Gage Carreon,03/06/2022,points_ipf_gl,106.37
53,Sean Collins,04/10/2022,points_ipf_gl,106.34
54,Kyle Power,04/23/2022,points_ipf_gl,106.31
55,Kai Zhao,03/19/2022,points_ipf_gl,106.14
56,Lamar Rhodes,09/24/2022,points_ipf_gl,106.06
57,Eric Gardner,02/19/2022,points_ipf_gl,105.96
58,Fujii Yuya,06/08/2022,points_ipf_gl,105.85
59,Enrique Lugo,02/26/2022,points_ipf_gl,105.81
60,Premar Namnama,06/08/2022,points_ipf_gl,105.81
61,Devin Williams,03/06/2022,points_ipf_gl,105.72
62,Benjamin Collins,01/15/2022,points_ipf_gl,105.39
63,Taylor Casteel,03/26/2022,points_ipf_gl,105.39
64,Christopher Rivera,09/03/2022,points_ipf_gl,105.19
65,Dallas Bey,06/08/2022,points_ipf_gl,105.04
66,Yehia Aboelnaga,02/12/2022,points_ipf_gl,105.04
67,Trey RIkard,10/15/2022,points_ipf_gl,104.95
68,Zachary Yamamoto,06/08/2022,points_ipf_gl,104.85
69,Ken Nguyen,03/26/2022,points_ipf_gl,104.54
70,Jalen Faulk,10/15/2022,points_ipf_gl,104.5
71,Michael Tuchscherer,03/19/2022,points_ipf_gl,104.38
72,David Chan,06/08/2022,points_ipf_gl,104.38
73,Dominic Rowden,10/15/2022,points_ipf_gl,104.36
74,Cameron Smith,06/08/2022,points_ipf_gl,104.35
75,Tevin Duncan,03/19/2022,points_ipf_gl,104.23
76,Aubrey Hogan,02/26/2022,points_ipf_gl,104.16
77,Seth Dasuki,03/26/2022,points_ipf_gl,104.15
78,Camden Wilson,02/26/2022,points_ipf_gl,104.11
79,Kyle Petersen,03/26/2022,points_ipf_gl,104.1
80,Cody Jaeger,10/15/2022,points_ipf_gl,103.92
81,Kyle Dawson,03/30/2022,points_ipf_gl,103.9
82,Scott Thurlow,01/22/2022,points_ipf_gl,103.89
83,Juan Rios,02/26/2022,points_ipf_gl,103.87
84,Micheal Seay,06/08/2022,points_ipf_gl,103.83
85,Devin Mervau,07/09/2022,points_ipf_gl,103.79
86,Thang Ngo,02/12/2022,points_ipf_gl,103.77
87,Douglas Bowen,07/30/2022,points_ipf_gl,103.72
88,sean mills,03/30/2022,points_ipf_gl,103.68
89,Sean Moser,04/02/2022,points_ipf_gl,103.56
90,Josiah Vivero,06/08/2022,points_ipf_gl,103.52
91,Aaron Terry,04/09/2022,points_ipf_gl,103.44
92,Kalil Zaky,06/08/2022,points_ipf_gl,103.34
93,Peter Pires,06/08/2022,points_ipf_gl,103.23
94,Seun Jubril,07/09/2022,points_ipf_gl,103.19
95,Ryan Baylark,09/10/2022,points_ipf_gl,103.15
96,Joseph Adams,06/08/2022,points_ipf_gl,103.14
97,Daniel Morris,10/15/2022,points_ipf_gl,103.07
98,Matthew Yeung,08/13/2022,points_ipf_gl,102.97
99,Brett Peach,03/26/2022,points_ipf_gl,102.91
100,Evan Orlandi,03/26/2022,points_ipf_gl,102.65
101,Matthew Mora,09/24/2022,points_ipf_gl,102.62
102,Aidan Roeder,03/26/2022,points_ipf_gl,102.59
103,Tevin Jones,02/26/2022,points_ipf_gl,102.58
104,Rob Escalante,07/23/2022,points_ipf_gl,102.56
105,Cole Waggoner,03/19/2022,points_ipf_gl,102.51
106,Steven Coburn,10/15/2022,points_ipf_gl,102.5
107,Jhonson Solano,03/06/2022,points_ipf_gl,102.46
108,Mikay Ye,06/08/2022,points_ipf_gl,102.46
109,Quentin Nunez,06/08/2022,points_ipf_gl,102.44
110,Wesley Cheng,02/12/2022,points_ipf_gl,102.44
111,Vincent Victorero,06/08/2022,points_ipf_gl,102.43
112,Sol Na,06/08/2022,points_ipf_gl,102.43
113,Braxton Davis,06/25/2022,points_ipf_gl,102.4
114,Michael Coladipietro,02/20/2022,points_ipf_gl,102.34
115,Edward Taylor,03/05/2022,points_ipf_gl,102.23
116,Lawrence Hinson,03/30/2022,points_ipf_gl,102.17
117,Kevin Garrette,03/26/2022,points_ipf_gl,102.16
118,Nicholas Lombardi,10/15/2022,points_ipf_gl,102.15
119,Blake Atwell,06/08/2022,points_ipf_gl,102.14
120,Garry Mendez,04/02/2022,points_ipf_gl,101.92
121,Edwin McQuiston,09/24/2022,points_ipf_gl,101.92
122,Jefferson Shue,04/02/2022,points_ipf_gl,101.82
123,William Waller,05/29/2022,points_ipf_gl,101.75
124,Michael Astrologo,06/08/2022,points_ipf_gl,101.73
125,Alex Lau,06/08/2022,points_ipf_gl,101.72
126,Vince Bualoy,08/13/2022,points_ipf_gl,101.72
127,Nathen Pangaldan,06/08/2022,points_ipf_gl,101.64
128,Tyler Drahem,09/24/2022,points_ipf_gl,101.62
129,Kaleb Miller,01/22/2022,points_ipf_gl,101.57
130,Michael Ayles,10/15/2022,points_ipf_gl,101.55
131,Jeffrey Leung,03/26/2022,points_ipf_gl,101.54
132,Ronnie Cormier,09/25/2022,points_ipf_gl,101.49
133,Evan Judice,06/08/2022,points_ipf_gl,101.48
134,Jason Bongard,06/08/2022,points_ipf_gl,101.47
135,James Vang,03/05/2022,points_ipf_gl,101.35
136,Tony Nguyen,09/24/2022,points_ipf_gl,101.3
137,William Lai,08/20/2022,points_ipf_gl,101.27
138,Dustin Limerick,03/23/2022,points_ipf_gl,101.26
139,Dedreck Rucker,03/06/2022,points_ipf_gl,101.19
140,Hung Phan,09/10/2022,points_ipf_gl,101.15
141,De’Metre Forney,04/09/2022,points_ipf_gl,101.1
142,Donavin Spears,03/23/2022,points_ipf_gl,101.09
143,Nico Flores,04/30/2022,points_ipf_gl,101.09
144,Hunter Reaux,10/15/2022,points_ipf_gl,101.09
145,Jeff Docena,01/22/2022,points_ipf_gl,101.07
146,Jason Cambra,03/26/2022,points_ipf_gl,101.04
147,James Peavey,02/26/2022,points_ipf_gl,101.01
148,Jordan McKinley,03/23/2022,points_ipf_gl,100.99
149,Christopher Greene,06/08/2022,points_ipf_gl,100.93
150,Chad Schroeder,06/18/2022,points_ipf_gl,100.92
151,noah Urbanski,03/30/2022,points_ipf_gl,100.87
152,Patrick Klaus,10/15/2022,points_ipf_gl,100.84
153,Darryl Webster,02/19/2022,points_ipf_gl,100.82
154,Tonggyu Kim,10/08/2022,points_ipf_gl,100.81
155,Joey Correia,06/08/2022,points_ipf_gl,100.76
156,Sawyer Klatt,03/30/2022,points_ipf_gl,100.74
157,Chad Odsey,09/10/2022,points_ipf_gl,100.74
158,Matthias Cash,07/23/2022,points_ipf_gl,100.74
159,Carlos Lucio,08/20/2022,points_ipf_gl,100.7
160,Chance Brady,01/22/2022,points_ipf_gl,100.7
161,Zebulon Moore,06/18/2022,points_ipf_gl,100.65
162,Zachary McGillis,03/26/2022,points_ipf_gl,100.6
163,Marcellus Williams,06/08/2022,points_ipf_gl,100.59
164,Bryan Rodriguez Gomez,02/26/2022,points_ipf_gl,100.58
165,Caleb Calaway,08/13/2022,points_ipf_gl,100.57
166,Angelo Agustin,06/08/2022,points_ipf_gl,100.53
167,Christopher Austin,05/21/2022,points_ipf_gl,100.5
168,Aitor Lapena-Gutierrez,03/04/2022,points_ipf_gl,100.45
169,Connor Heim,03/30/2022,points_ipf_gl,100.39
170,Philip Truong,03/30/2022,points_ipf_gl,100.38
171,Andrew Ha,06/08/2022,points_ipf_gl,100.37
172,kevin cando,06/08/2022,points_ipf_gl,100.36
173,Justin Ellis,06/08/2022,points_ipf_gl,100.32
174,Jared Naquin,06/08/2022,points_ipf_gl,100.31
175,Devraj Roy,06/08/2022,points_ipf_gl,100.29
176,Thomas Anderson,06/04/2022,points_ipf_gl,100.26
177,Ronny Hiraldo,06/25/2022,points_ipf_gl,100.19
178,Ethan Marshall,09/17/2022,points_ipf_gl,100.06
179,Liam Newell,03/26/2022,points_ipf_gl,100.06
180,Jordan Beverly,05/21/2022,points_ipf_gl,100.03
181,Thomas Redd,01/29/2022,points_ipf_gl,100.0
182,Connor Sult,10/15/2022,points_ipf_gl,100.0
183,Michael Escano,07/02/2022,points_ipf_gl,99.96
184,Jordon Spence,03/26/2022,points_ipf_gl,99.9
185,Corey Dennis,06/08/2022,points_ipf_gl,99.9
186,Nathan Barna,04/02/2022,points_ipf_gl,99.84
187,Dominic Melvin,04/16/2022,points_ipf_gl,99.84
188,Carlos Santoliquido,09/10/2022,points_ipf_gl,99.84
189,Carson Allen,06/08/2022,points_ipf_gl,99.83
190,Terel Monroe,06/08/2022,points_ipf_gl,99.82
191,Hagen Henderson,04/09/2022,points_ipf_gl,99.82
192,Logan Goo,06/08/2022,points_ipf_gl,99.75
193,Joseph Rodriguez,06/08/2022,points_ipf_gl,99.74
194,Austin Nikolai,07/09/2022,points_ipf_gl,99.69
195,Jorge Diaz,10/09/2022,points_ipf_gl,99.68
196,Evan Dunne,05/29/2022,points_ipf_gl,99.65
197,Mark Beltran,06/08/2022,points_ipf_gl,99.6
198,CJ Shuford,06/08/2022,points_ipf_gl,99.53
199,Dalvin Sharpe,10/15/2022,points_ipf_gl,99.46
200,Joseph Bierly,07/08/2022,points_ipf_gl,99.45
201,Brian Marmolejo,02/26/2022,points_ipf_gl,99.45
202,Christian Petrilli,03/26/2022,points_ipf_gl,99.43
203,Elijah Williams,03/26/2022,points_ipf_gl,99.43
204,Nicolas Philippi,06/08/2022,points_ipf_gl,99.36
205,Stiven Sandoval Esparza,08/27/2022,points_ipf_gl,99.36
206,Jacob Waltzer,03/26/2022,points_ipf_gl,99.27
207,Zaw Thiha,10/15/2022,points_ipf_gl,99.25
208,Xuchill Laput,04/02/2022,points_ipf_gl,99.13
209,Nabil Lahlou,04/03/2022,points_ipf_gl,99.12
210,Thomas Magarelli,09/25/2022,points_ipf_gl,99.1
211,Ragan Henderson,10/15/2022,points_ipf_gl,98.93
212,Neitik Patel,01/29/2022,points_ipf_gl,98.92
213,Chase Ishmael,07/16/2022,points_ipf_gl,98.9
214,Arthur French,03/30/2022,points_ipf_gl,98.89
215,Sebastian Ehmann,04/16/2022,points_ipf_gl,98.74
216,Michael West,10/15/2022,points_ipf_gl,98.72
217,Matthew Swanson,06/08/2022,points_ipf_gl,98.72
218,Dylan Campbell,03/19/2022,points_ipf_gl,98.71
219,Trevor Woodman,03/06/2022,points_ipf_gl,98.7
220,David Waters,02/19/2022,points_ipf_gl,98.66
221,Kristopher Hunt,06/08/2022,points_ipf_gl,98.63
222,Tanner Underberg,03/30/2022,points_ipf_gl,98.62
223,Jason Coonan,06/08/2022,points_ipf_gl,98.62
224,Alex Hall,10/16/2022,points_ipf_gl,98.48
225,James Cole,03/30/2022,points_ipf_gl,98.44
226,Devin Tran,02/26/2022,points_ipf_gl,98.4
227,Zach Taylor,03/30/2022,points_ipf_gl,98.4
228,Brian Brickey,06/08/2022,points_ipf_gl,98.38
229,Ben Lujan,10/01/2022,points_ipf_gl,98.38
230,Jeffrey Thompson,06/08/2022,points_ipf_gl,98.37
231,Mathew Tinson,08/13/2022,points_ipf_gl,98.16
232,Jeffrey Gonzalez,03/26/2022,points_ipf_gl,98.09
233,Tyler Wilson,03/26/2022,points_ipf_gl,98.09
234,McVay Stockwell,03/26/2022,points_ipf_gl,98.05
235,Derek LoGrande,06/08/2022,points_ipf_gl,98.05
236,Michael Bress,03/19/2022,points_ipf_gl,98.04
237,E.J. Thomas,04/09/2022,points_ipf_gl,98.01
238,Eric Jelen,05/28/2022,points_ipf_gl,97.98
239,Kevin Paul,10/15/2022,points_ipf_gl,97.91
240,Nathan McPeters,08/27/2022,points_ipf_gl,97.88
241,Quinton Briggs,03/26/2022,points_ipf_gl,97.88
242,Chris Yip,09/10/2022,points_ipf_gl,97.87
243,Michael Simonetti,04/02/2022,points_ipf_gl,97.87
244,Kyle Nowak,03/26/2022,points_ipf_gl,97.82
245,Matthew Middleton,09/10/2022,points_ipf_gl,97.81
246,Jordan Glenn,06/08/2022,points_ipf_gl,97.77
247,Lawrence Chambers,06/25/2022,points_ipf_gl,97.75
248,Liam Belcher,09/10/2022,points_ipf_gl,97.71
249,David Charles,10/08/2022,points_ipf_gl,97.7
250,Ryan Sanders,06/08/2022,points_ipf_gl,97.64
251,De'Quinton Gie,03/06/2022,points_ipf_gl,97.64
252,William Dunn,10/15/2022,points_ipf_gl,97.63
253,Noah Forman,06/08/2022,points_ipf_gl,97.61
254,Pedro Rabello,07/30/2022,points_ipf_gl,97.57
255,Tyler Wang,03/06/2022,points_ipf_gl,97.51
256,Jonah Liwag,07/03/2022,points_ipf_gl,97.46
257,James Bryant,06/08/2022,points_ipf_gl,97.45
258,Motti Goldberger,03/26/2022,points_ipf_gl,97.45
259,Cody Hartman,03/30/2022,points_ipf_gl,97.41
260,Sevon Bumper,04/30/2022,points_ipf_gl,97.38
261,Dwight Simmons,08/06/2022,points_ipf_gl,97.31
262,Tadriaun Logan,06/08/2022,points_ipf_gl,97.29
263,Fabion Moffett,02/05/2022,points_ipf_gl,97.29
264,Leandro Gerard Faraon,06/08/2022,points_ipf_gl,97.27
265,Jeffrey Chavez,06/08/2022,points_ipf_gl,97.2
266,Besim Muminovic,01/22/2022,points_ipf_gl,97.13
267,Gabriel Zakaryan,08/13/2022,points_ipf_gl,97.12
268,Paul Beck,09/10/2022,points_ipf_gl,97.12
269,Sawyer Yandell,02/26/2022,points_ipf_gl,97.12
270,Nicholas Larson,10/01/2022,points_ipf_gl,97.07
271,Richard Shorts,03/26/2022,points_ipf_gl,97.07
272,Zachary Watson,07/23/2022,points_ipf_gl,97.06
273,Dakota Snyder,02/12/2022,points_ipf_gl,97.0
274,Jonathan Lavoie,07/16/2022,points_ipf_gl,96.98
275,Brenan Lasala,08/13/2022,points_ipf_gl,96.96
276,Maxon Shethar,03/26/2022,points_ipf_gl,96.94
277,Joshua Longoria,02/12/2022,points_ipf_gl,96.94
278,Deontay Walker,06/08/2022,points_ipf_gl,96.89
279,Joshua Villa,03/19/2022,points_ipf_gl,96.89
280,Joel Patera,04/02/2022,points_ipf_gl,96.87
281,Brandon Rojo,09/24/2022,points_ipf_gl,96.86
282,Wesley Allen,03/05/2022,points_ipf_gl,96.86
283,Tyler Tai Nguyen,10/15/2022,points_ipf_gl,96.85
284,William Ivey,10/15/2022,points_ipf_gl,96.84
285,Atomu Wakamatsu,06/08/2022,points_ipf_gl,96.83
286,Niels Levy-Thiebaut,08/06/2022,points_ipf_gl,96.81
287,Wascar Carpio,03/06/2022,points_ipf_gl,96.78
288,Peter Cherry,03/06/2022,points_ipf_gl,96.76
289,Adam Cecchetto,10/08/2022,points_ipf_gl,96.74
290,Darious Stokes,02/19/2022,points_ipf_gl,96.73
291,Antonio Thomas,05/01/2022,points_ipf_gl,96.72
292,Nicholas Gorham,10/15/2022,points_ipf_gl,96.71
293,Eddy Tamayo Garcia,06/08/2022,points_ipf_gl,96.68
294,Adrian Kim,08/20/2022,points_ipf_gl,96.66
295,Cody Gassman,03/19/2022,points_ipf_gl,96.65
296,William O'Neil-White,10/08/2022,points_ipf_gl,96.6
297,Nathan Tansey,03/26/2022,points_ipf_gl,96.56
298,Gregory Wunrow,09/03/2022,points_ipf_gl,96.55
299,Jared Hernandez,05/07/2022,points_ipf_gl,96.55
300,Michael Hennessy,09/10/2022,points_ipf_gl,96.49
301,Nicholas Tadrick,06/08/2022,points_ipf_gl,96.49
302,Max Runkle,03/19/2022,points_ipf_gl,96.49
303,Morgan Chan,04/16/2022,points_ipf_gl,96.45
304,Lance London,07/08/2022,points_ipf_gl,96.42
305,Aliki Hui,07/23/2022,points_ipf_gl,96.36
306,Joshua Price,01/29/2022,points_ipf_gl,96.36
307,Nathan Alexander,06/08/2022,points_ipf_gl,96.34
308,Austin Miller,08/13/2022,points_ipf_gl,96.34
309,Nikolas Williams,08/13/2022,points_ipf_gl,96.32
310,Luke McCain,06/08/2022,points_ipf_gl,96.27
311,Allan Bautista,08/13/2022,points_ipf_gl,96.26
312,Nathan Redwing,04/23/2022,points_ipf_gl,96.26
313,Cole Garcia,03/26/2022,points_ipf_gl,96.24
314,Chris Salazar,06/25/2022,points_ipf_gl,96.21
315,Garrett Bailey,03/12/2022,points_ipf_gl,96.21
316,Jeffrey Glover,06/04/2022,points_ipf_gl,96.2
317,Lee Gerth,09/10/2022,points_ipf_gl,96.16
318,Phillip Wilson,01/15/2022,points_ipf_gl,96.14
319,Travis Napier,02/12/2022,points_ipf_gl,96.1
320,Edward Tadman,06/08/2022,points_ipf_gl,96.09
321,Curtis Whitten,06/25/2022,points_ipf_gl,96.08
322,Jesse Rodriguez,06/08/2022,points_ipf_gl,96.07
323,Bryan Harwell,04/30/2022,points_ipf_gl,96.07
324,Romar Paul Harayo,03/30/2022,points_ipf_gl,96.04
325,Derek Akunne,09/24/2022,points_ipf_gl,96.03
326,Lucas Sison,02/26/2022,points_ipf_gl,96.0
327,Kendall Washington,06/08/2022,points_ipf_gl,96.0
328,Matt Foddrill,03/06/2022,points_ipf_gl,95.99
329,Gabe Cuadra,03/26/2022,points_ipf_gl,95.96
330,Joe Bertone,02/19/2022,points_ipf_gl,95.95
331,Lee Maccarone,10/01/2022,points_ipf_gl,95.95
332,Michael Weshnak,09/25/2022,points_ipf_gl,95.95
333,Ronell Labrada,10/01/2022,points_ipf_gl,95.93
334,Paul Manzella,07/23/2022,points_ipf_gl,95.92
335,Jacob Lynch,09/25/2022,points_ipf_gl,95.9
336,Alex Beaufort,09/11/2022,points_ipf_gl,95.9
337,Hugo Mendoza,04/09/2022,points_ipf_gl,95.89
338,Ryan Nolan,07/08/2022,points_ipf_gl,95.89
339,Derreck Radzieski,03/19/2022,points_ipf_gl,95.88
340,Matthew Cronin,06/08/2022,points_ipf_gl,95.88
341,Geovanni Martiniano,06/08/2022,points_ipf_gl,95.84
342,Kevin Yeboah,03/19/2022,points_ipf_gl,95.78
343,Micah Tumpap,06/18/2022,points_ipf_gl,95.76
344,Joshua Hall,03/26/2022,points_ipf_gl,95.75
345,Sean Sullivan,06/08/2022,points_ipf_gl,95.74
346,Alex Hong,04/02/2022,points_ipf_gl,95.74
347,Jhamal Williams,03/26/2022,points_ipf_gl,95.72
348,Killian Turner,04/16/2022,points_ipf_gl,95.7
349,Guillermo Casal,06/08/2022,points_ipf_gl,95.7
350,Shawn Alexander,03/06/2022,points_ipf_gl,95.67
351,Nicholas Farison,03/06/2022,points_ipf_gl,95.65
352,Joshua Espinosa,09/10/2022,points_ipf_gl,95.65
353,Joshua Heiss,06/08/2022,points_ipf_gl,95.59
354,Adam Proben,03/26/2022,points_ipf_gl,95.57
355,Jacob Hernandez,08/13/2022,points_ipf_gl,95.56
356,Julian Posas,01/29/2022,points_ipf_gl,95.55
357,William Hemmen,06/08/2022,points_ipf_gl,95.54
358,Mark Heimann,06/08/2022,points_ipf_gl,95.53
359,Blake Trevillian,03/30/2022,points_ipf_gl,95.53
360,Jonathan Avril,04/30/2022,points_ipf_gl,95.49
361,Blayne Kildahl,03/23/2022,points_ipf_gl,95.47
362,Mirwaise Masroor,06/08/2022,points_ipf_gl,95.44
363,Christopher Hanna,04/02/2022,points_ipf_gl,95.41
364,Keenan Dung,03/06/2022,points_ipf_gl,95.4
365,Marcos Chavez,03/26/2022,points_ipf_gl,95.4
366,Josh Wade,04/23/2022,points_ipf_gl,95.4
367,Victor Cabali,06/08/2022,points_ipf_gl,95.39
368,Jean-Louis Nguyen,06/08/2022,points_ipf_gl,95.38
369,Daniel Fuentes,08/13/2022,points_ipf_gl,95.35
370,James Flanigan,06/08/2022,points_ipf_gl,95.33
371,Damarrio Holloway,02/19/2022,points_ipf_gl,95.32
372,Charr Gahagan,03/04/2022,points_ipf_gl,95.26
373,Brady Flasch,03/05/2022,points_ipf_gl,95.26
374,Nicklas Haddad,06/08/2022,points_ipf_gl,95.26
375,Ben Sanchez,09/10/2022,points_ipf_gl,95.25
376,Ryan Robertson,03/26/2022,points_ipf_gl,95.25
377,Tim Hansen,03/23/2022,points_ipf_gl,95.24
378,Carlos Mata,06/08/2022,points_ipf_gl,95.24
379,Henry Huynhnguyen,10/16/2022,points_ipf_gl,95.23
380,Daniel Chen,05/07/2022,points_ipf_gl,95.23
381,Riley Hennessey,03/26/2022,points_ipf_gl,95.23
382,Judah Jones,06/08/2022,points_ipf_gl,95.21
383,Sebastian Baytan,03/05/2022,points_ipf_gl,95.2
384,Bryce Martin,06/18/2022,points_ipf_gl,95.2
385,Lorenz Licudine,03/30/2022,points_ipf_gl,95.2
386,Ragheb Abu-rubieh,07/30/2022,points_ipf_gl,95.2
387,Richard Readdy,06/08/2022,points_ipf_gl,95.19
388,Samuel Marusic,05/07/2022,points_ipf_gl,95.19
389,Austin Brouillard,10/15/2022,points_ipf_gl,95.18
390,Luis Trujillo,07/23/2022,points_ipf_gl,95.17
391,Carrington Amadi,06/08/2022,points_ipf_gl,95.16
392,Omar Marquez,06/08/2022,points_ipf_gl,95.14
393,Gabriel Rogers,10/15/2022,points_ipf_gl,95.14
394,Charles Ellison,03/26/2022,points_ipf_gl,95.12
395,Daniel Tum Suden,07/23/2022,points_ipf_gl,95.12
396,Josue Paredes,03/19/2022,points_ipf_gl,95.11
397,Ricardo Gomez,07/30/2022,points_ipf_gl,95.08
398,Wesley Mull,01/15/2022,points_ipf_gl,95.08
399,Benjamin Lawrence,08/06/2022,points_ipf_gl,95.07
400,Stuart Feng,04/16/2022,points_ipf_gl,95.06
401,Jaime Turcios,06/08/2022,points_ipf_gl,95.05
402,Trey Koenig,03/06/2022,points_ipf_gl,95.03
403,Jaylen Boyd,06/08/2022,points_ipf_gl,95.03
404,Kevin Elliott,03/19/2022,points_ipf_gl,95.01
405,Samuel Friedrich,03/23/2022,points_ipf_gl,94.98
406,Quinten Walker,05/29/2022,points_ipf_gl,94.96
407,John Suschak,10/15/2022,points_ipf_gl,94.87
408,Josenico Blanco,07/23/2022,points_ipf_gl,94.85
409,Stefan Kraus,02/19/2022,points_ipf_gl,94.83
410,Anotine Welch,04/23/2022,points_ipf_gl,94.82
411,Kyung-Min (John) Roh,10/15/2022,points_ipf_gl,94.81
412,Nicklas Gilmour,09/24/2022,points_ipf_gl,94.81
413,Sean Collins,09/25/2022,points_ipf_gl,94.8
414,Ariel Merivil,03/12/2022,points_ipf_gl,94.79
415,Matthew Octaviano,01/15/2022,points_ipf_gl,94.77
416,John Tong,04/23/2022,points_ipf_gl,94.77
417,Reginald Mouton,06/08/2022,points_ipf_gl,94.75
418,Carter Welch,03/26/2022,points_ipf_gl,94.73
419,Kenneth Imperial,06/08/2022,points_ipf_gl,94.69
420,Nathaniel Hancock,06/08/2022,points_ipf_gl,94.69
421,Martimiano Altamirano,10/15/2022,points_ipf_gl,94.68
422,Justin Allamby,10/15/2022,points_ipf_gl,94.68
423,Ray Thomas,06/08/2022,points_ipf_gl,94.68
424,Kevin Hayes,02/12/2022,points_ipf_gl,94.67
425,Bradley Robinson,04/16/2022,points_ipf_gl,94.65
426,Gordon Bash,06/04/2022,points_ipf_gl,94.64
427,Andrew Wawersik,05/21/2022,points_ipf_gl,94.6
428,Jeremy Orme,03/26/2022,points_ipf_gl,94.59
429,Steven Ridges,02/19/2022,points_ipf_gl,94.58
430,Michael Berg,10/08/2022,points_ipf_gl,94.54
431,Dwight Burns,05/29/2022,points_ipf_gl,94.53
432,Justin Jang,08/13/2022,points_ipf_gl,94.46
433,Osmar Franco-Barrios,03/30/2022,points_ipf_gl,94.45
434,Jake Limbardo,07/08/2022,points_ipf_gl,94.43
435,Zachary Zills,09/03/2022,points_ipf_gl,94.43
436,Tyler Quesinberry,03/26/2022,points_ipf_gl,94.42
437,Michael Brazzel,06/08/2022,points_ipf_gl,94.41
438,Brandon Yahatta,06/04/2022,points_ipf_gl,94.38
439,Joshua Asarnow,03/26/2022,points_ipf_gl,94.31
440,Danangelo Cabal,01/22/2022,points_ipf_gl,94.29
441,Evan Wimbish,10/08/2022,points_ipf_gl,94.28
442,Terry Jiang,03/26/2022,points_ipf_gl,94.26
443,Russel Nguyen,06/25/2022,points_ipf_gl,94.24
444,Johnlou Bernard Reyes,09/24/2022,points_ipf_gl,94.21
445,Dakoda Trull,03/26/2022,points_ipf_gl,94.21
446,Ryan Dengler,03/26/2022,points_ipf_gl,94.16
447,Nathan Gorham,06/08/2022,points_ipf_gl,94.13
448,Christopher Berger,09/24/2022,points_ipf_gl,94.12
449,Jackie Vong,03/26/2022,points_ipf_gl,94.12
450,Peyton Mitties,07/16/2022,points_ipf_gl,94.08
451,Tyler Davis,07/23/2022,points_ipf_gl,94.07
452,Nick Sparks,09/25/2022,points_ipf_gl,94.07
453,Dean Ippolito,10/09/2022,points_ipf_gl,94.06
454,Jan Astorga,04/16/2022,points_ipf_gl,94.06
455,Nathan Webster,10/01/2022,points_ipf_gl,94.04
456,Jalen Allamby,10/15/2022,points_ipf_gl,94.02
457,Justin Ngo,04/23/2022,points_ipf_gl,94.01
458,Troy Thompson,03/05/2022,points_ipf_gl,94.01
459,Bradon Gulch,01/22/2022,points_ipf_gl,94.01
460,Taylor Moorman,04/23/2022,points_ipf_gl,94.0
461,Brandin Carballo,03/26/2022,points_ipf_gl,93.94
462,Zachary Arnold,03/26/2022,points_ipf_gl,93.9
463,Sean Despres,06/18/2022,points_ipf_gl,93.89
464,Joshua Brame,02/26/2022,points_ipf_gl,93.88
465,Bryan Aguada,07/23/2022,points_ipf_gl,93.85
466,Matthew Spohr,10/01/2022,points_ipf_gl,93.85
467,Thien Chu,03/06/2022,points_ipf_gl,93.84
468,Solomon Kim,07/30/2022,points_ipf_gl,93.84
469,Johnathan Escoffrey,01/22/2022,points_ipf_gl,93.83
470,John Gonzaba,06/08/2022,points_ipf_gl,93.82
471,Clayton Cuddington,05/01/2022,points_ipf_gl,93.82
472,Quentin White,08/13/2022,points_ipf_gl,93.8
473,Zack Berezay,03/26/2022,points_ipf_gl,93.71
474,Keontre Walker,04/09/2022,points_ipf_gl,93.71
475,Rodney Alexander,03/19/2022,points_ipf_gl,93.71
476,John Paul Arreglado,04/02/2022,points_ipf_gl,93.7
477,Brock Wetzlich,03/26/2022,points_ipf_gl,93.69
478,Averil Royal,06/08/2022,points_ipf_gl,93.68
479,Juneau Catalano,08/13/2022,points_ipf_gl,93.67
480,Charles Hammonds Jr,06/25/2022,points_ipf_gl,93.67
481,Sion Farley-Thompson,03/26/2022,points_ipf_gl,93.64
482,Lucas Young,08/13/2022,points_ipf_gl,93.63
483,Brandon Ragoonath,03/26/2022,points_ipf_gl,93.62
484,Clifford David,08/13/2022,points_ipf_gl,93.6
485,Samuel Kinard,10/08/2022,points_ipf_gl,93.56
486,Peter Esset,07/30/2022,points_ipf_gl,93.55
487,Ian Covell,04/23/2022,points_ipf_gl,93.52
488,John Nickl,07/23/2022,points_ipf_gl,93.5
489,Shakeel Holman,06/08/2022,points_ipf_gl,93.47
490,James Tompkins,07/23/2022,points_ipf_gl,93.45
491,Taj Wellington,05/21/2022,points_ipf_gl,93.44
492,Alex Mostacero,06/08/2022,points_ipf_gl,93.41
493,Jacob Juska,03/30/2022,points_ipf_gl,93.41
494,JeQuille Lyles,04/30/2022,points_ipf_gl,93.38
495,Antonio Yharbrough,06/08/2022,points_ipf_gl,93.37
496,Peter Ou,03/26/2022,points_ipf_gl,93.37
497,James Ronyak,02/12/2022,points_ipf_gl,93.34
498,Evan Hawk,07/02/2022,points_ipf_gl,93.34
499,Michael Jones,04/23/2022,points_ipf_gl,93.34
500,Ricky Zheng,09/03/2022,points_ipf_gl,93.32
501,Faruk Yucel,07/30/2022,points_ipf_gl,93.31
502,Colin Embry,05/07/2022,points_ipf_gl,93.3
503,Tommy Schneider,02/12/2022,points_ipf_gl,93.27
504,Roland Julian Sulit,04/09/2022,points_ipf_gl,93.26
505,Connor Ernst,03/30/2022,points_ipf_gl,93.26
506,Daniel Mello,08/20/2022,points_ipf_gl,93.25
507,Lewis Henneberger,08/13/2022,points_ipf_gl,93.24
508,Jackson Jaeger,03/26/2022,points_ipf_gl,93.22
509,Kevin Chu,06/08/2022,points_ipf_gl,93.2
510,Larenz Webb,09/24/2022,points_ipf_gl,93.2
511,Jonathan Bradfield,04/02/2022,points_ipf_gl,93.19
512,Nick Baldwin,04/09/2022,points_ipf_gl,93.19
513,Andres Reyes,10/15/2022,points_ipf_gl,93.17
514,Elliott Sykes,03/23/2022,points_ipf_gl,93.17
515,Luke Whittenberger,07/23/2022,points_ipf_gl,93.16
516,Kayon Mitchell,07/16/2022,points_ipf_gl,93.13
517,Hamza Ahmed,08/13/2022,points_ipf_gl,93.11
518,Logan Biedermann,03/26/2022,points_ipf_gl,93.1
519,Travis Cooper,05/01/2022,points_ipf_gl,93.09
520,Eddie Suarez,04/30/2022,points_ipf_gl,93.08
521,Zachary Vanderhoff,03/05/2022,points_ipf_gl,93.08
522,Misha Shteyman,07/23/2022,points_ipf_gl,93.08
523,Nikita Koba,02/19/2022,points_ipf_gl,93.07
524,Eddie Lundberg,09/10/2022,points_ipf_gl,93.05
525,Thomas Newell,03/26/2022,points_ipf_gl,93.02
526,Jack Lutze,03/26/2022,points_ipf_gl,93.02
527,Elijah Anderson,04/16/2022,points_ipf_gl,93.0
528,Bryce Siecko,07/16/2022,points_ipf_gl,92.96
529,Edward Alicdan Jr,08/13/2022,points_ipf_gl,92.96
530,Andrew Cain,04/16/2022,points_ipf_gl,92.94
531,Jonathan Rojas,01/15/2022,points_ipf_gl,92.94
532,Devin Gordon,04/09/2022,points_ipf_gl,92.94
533,Brett Ramsey,06/08/2022,points_ipf_gl,92.91
534,Christopher Marchisotto,10/09/2022,points_ipf_gl,92.91
535,Victor Lopez,05/07/2022,points_ipf_gl,92.9
536,Jayson Mull,09/24/2022,points_ipf_gl,92.84
537,Bryce Scott,05/01/2022,points_ipf_gl,92.84
538,Constantine Vasilopoulos,03/26/2022,points_ipf_gl,92.81
539,Donald Phounsavath,03/26/2022,points_ipf_gl,92.8
540,Will Sepe,03/26/2022,points_ipf_gl,92.8
541,Ryan Macdonald,06/08/2022,points_ipf_gl,92.79
542,Josh Cortez,09/24/2022,points_ipf_gl,92.77
543,Tanner Knox,03/26/2022,points_ipf_gl,92.77
544,John Le,03/26/2022,points_ipf_gl,92.76
545,John Hodge,09/10/2022,points_ipf_gl,92.75
546,Ryan Schroer,07/16/2022,points_ipf_gl,92.74
547,Kurt Navarro,06/08/2022,points_ipf_gl,92.74
548,Oscar Hernandez,09/24/2022,points_ipf_gl,92.71
549,Christion Thomas,06/08/2022,points_ipf_gl,92.68
550,Clayton Callender,05/29/2022,points_ipf_gl,92.68
551,Danny Lewis Jr,05/28/2022,points_ipf_gl,92.66
552,Michael Carter,06/25/2022,points_ipf_gl,92.66
553,Jackson Jackson,07/16/2022,points_ipf_gl,92.66
554,Ronald Trigg,03/19/2022,points_ipf_gl,92.65
555,Elly Jdaidany,07/16/2022,points_ipf_gl,92.65
556,Nathaniel Wolf,03/06/2022,points_ipf_gl,92.64
557,Taeyoung Yoon,08/28/2022,points_ipf_gl,92.62
558,Logan Jones,04/30/2022,points_ipf_gl,92.61
559,Brett Clevinger,09/10/2022,points_ipf_gl,92.59
560,Ethan Frank,05/07/2022,points_ipf_gl,92.57
561,Mark Davis,10/15/2022,points_ipf_gl,92.57
562,Jacob Breaux,10/15/2022,points_ipf_gl,92.56
563,Dillon Le,04/30/2022,points_ipf_gl,92.55
564,Luke Rybarczyk,09/10/2022,points_ipf_gl,92.55
565,John Zavala,06/18/2022,points_ipf_gl,92.53
566,Jeremiah Vivero,06/08/2022,points_ipf_gl,92.51
567,David James,02/26/2022,points_ipf_gl,92.49
568,Jeff Spawton,06/08/2022,points_ipf_gl,92.49
569,Max Heller,10/09/2022,points_ipf_gl,92.48
570,Daniel Aguirre,03/26/2022,points_ipf_gl,92.48
571,Semaj Antley,03/26/2022,points_ipf_gl,92.47
572,Ivan Kalustian-Carrier,05/29/2022,points_ipf_gl,92.44
573,Hunter Metzger,07/23/2022,points_ipf_gl,92.42
574,Brad Gernazian,05/21/2022,points_ipf_gl,92.42
575,Christopher DeCaro,03/26/2022,points_ipf_gl,92.42
576,Michael Walker,01/29/2022,points_ipf_gl,92.41
577,Ryan Donnelly,01/15/2022,points_ipf_gl,92.39
578,Collin McKinzie,03/26/2022,points_ipf_gl,92.38
579,Justin Taylor,03/19/2022,points_ipf_gl,92.38
580,Caleb Viau,05/29/2022,points_ipf_gl,92.37
581,Dhimitri Bido,04/23/2022,points_ipf_gl,92.36
582,Callum Hurst,06/08/2022,points_ipf_gl,92.35
583,Dafner Sylvain,03/26/2022,points_ipf_gl,92.35
584,Michael Vargas,09/10/2022,points_ipf_gl,92.32
585,Jacob Odum,03/26/2022,points_ipf_gl,92.32
586,Teddy Bien-Aime,02/26/2022,points_ipf_gl,92.32
587,Wilton Adames,02/20/2022,points_ipf_gl,92.31
588,Logan Sharp,03/26/2022,points_ipf_gl,92.29
589,Seth Ruff,03/26/2022,points_ipf_gl,92.29
590,John Jones Jr.,06/08/2022,points_ipf_gl,92.29
591,Alexander Ju,07/08/2022,points_ipf_gl,92.29
592,Ryan Janni,07/08/2022,points_ipf_gl,92.28
593,Brian Lore,03/26/2022,points_ipf_gl,92.27
594,Rei Rexha,02/12/2022,points_ipf_gl,92.27
595,Atilla Turan,07/08/2022,points_ipf_gl,92.24
596,Sage Ishibashi-To,02/26/2022,points_ipf_gl,92.21
597,Jack Encheff,04/02/2022,points_ipf_gl,92.2
598,David Benavides,02/19/2022,points_ipf_gl,92.19
599,Ray Bowring,04/02/2022,points_ipf_gl,92.18
600,Micah Rodahl,02/12/2022,points_ipf_gl,92.17
601,Evan Zheng,02/26/2022,points_ipf_gl,92.16
602,Billy Mangiamele,04/03/2022,points_ipf_gl,92.16
603,Lawrence Abner,04/30/2022,points_ipf_gl,92.16
604,Jared Bowens,03/30/2022,points_ipf_gl,92.14
605,Matt Cronin,04/10/2022,points_ipf_gl,92.13
606,William Chapman,03/19/2022,points_ipf_gl,92.13
607,Joshua Lipp,01/22/2022,points_ipf_gl,92.12
608,Andrew-Ted Fernandez,08/13/2022,points_ipf_gl,92.12
609,Joshua Opiela,02/26/2022,points_ipf_gl,92.1
610,Raymond Jin,03/26/2022,points_ipf_gl,92.1
611,Colby Humphries,02/26/2022,points_ipf_gl,92.09
612,KC Bell,07/03/2022,points_ipf_gl,92.09
613,Brian Ashbee,10/01/2022,points_ipf_gl,92.09
614,Thai Nguyen,06/25/2022,points_ipf_gl,92.09
615,Nico Bourgeois,01/15/2022,points_ipf_gl,92.08
616,Max Story,07/30/2022,points_ipf_gl,92.08
617,Randall Caldwell,06/18/2022,points_ipf_gl,92.08
618,Jinsik Kim,08/28/2022,points_ipf_gl,92.05
619,Brian Elderd,06/25/2022,points_ipf_gl,92.03
620,John Heilman,06/08/2022,points_ipf_gl,92.02
621,Airion Britt,02/12/2022,points_ipf_gl,92.02
622,Benjamin Dresher,08/13/2022,points_ipf_gl,92.02
623,Rey Espinoza,09/24/2022,points_ipf_gl,91.99
624,Thomas Swartout,06/25/2022,points_ipf_gl,91.97
625,Benjamin Rowe,06/08/2022,points_ipf_gl,91.97
626,Thomas Coons,07/16/2022,points_ipf_gl,91.95
627,Joseph Sisombath,06/08/2022,points_ipf_gl,91.94
628,Nick Squires,10/09/2022,points_ipf_gl,91.93
629,Kane Madison,07/09/2022,points_ipf_gl,91.92
630,Christian Maldonado,03/26/2022,points_ipf_gl,91.92
631,Michael Gagnier,02/13/2022,points_ipf_gl,91.91
632,John Jones,06/25/2022,points_ipf_gl,91.89
633,Allen Matsumoto,04/16/2022,points_ipf_gl,91.88
634,Joshua Baboff,01/22/2022,points_ipf_gl,91.88
635,Spencer Dillingham,05/21/2022,points_ipf_gl,91.88
636,Samuel Yuen,05/21/2022,points_ipf_gl,91.87
637,Jeremy Ciha,05/01/2022,points_ipf_gl,91.87
638,Sterling Walker,06/08/2022,points_ipf_gl,91.86
639,Andrew Sanchez,09/03/2022,points_ipf_gl,91.86
640,Travis Strait,03/19/2022,points_ipf_gl,91.83
641,Anthony Thomas,01/16/2022,points_ipf_gl,91.83
642,Justin Recio,05/14/2022,points_ipf_gl,91.81
643,Timothy Wang,08/13/2022,points_ipf_gl,91.78
644,Uriah Armstrong,01/15/2022,points_ipf_gl,91.78
645,Josue Leon,06/08/2022,points_ipf_gl,91.77
646,Alex LaRochelle,06/08/2022,points_ipf_gl,91.77
647,Daniel Xia,08/13/2022,points_ipf_gl,91.74
648,Nick Tylutki,02/12/2022,points_ipf_gl,91.74
649,Stephan Sukola,05/01/2022,points_ipf_gl,91.73
650,Mitchell Zaplatosch,03/19/2022,points_ipf_gl,91.69
651,Anthony Robertson,01/15/2022,points_ipf_gl,91.67
652,Brenton Fleming,10/15/2022,points_ipf_gl,91.67
653,Robert Parisi,02/26/2022,points_ipf_gl,91.66
654,Jacob Lyons,06/08/2022,points_ipf_gl,91.64
655,Tobias Campbell,03/23/2022,points_ipf_gl,91.62
656,Johnny Mejia,08/13/2022,points_ipf_gl,91.62
657,Mason Mitchell,06/18/2022,points_ipf_gl,91.61
658,Isaiah Carrington,02/20/2022,points_ipf_gl,91.61
659,Toney Lum,05/21/2022,points_ipf_gl,91.6
660,Erik Hogan,07/16/2022,points_ipf_gl,91.59
661,Tony Lee,09/10/2022,points_ipf_gl,91.57
662,Kai Rossbach,03/06/2022,points_ipf_gl,91.56
663,Fernando Ramos-Diaz,05/29/2022,points_ipf_gl,91.55
664,Kyle Pung,07/23/2022,points_ipf_gl,91.55
665,Michael Brown,04/23/2022,points_ipf_gl,91.54
666,Nick Westgate,05/01/2022,points_ipf_gl,91.54
667,Ylli Mujaj,09/03/2022,points_ipf_gl,91.53
668,Emmanuel Trujillo,02/05/2022,points_ipf_gl,91.53
669,Matthew Poisson,01/15/2022,points_ipf_gl,91.51
670,Jessie Badeaux,06/08/2022,points_ipf_gl,91.51
671,Gavino Vara,09/10/2022,points_ipf_gl,91.49
672,William Lam,05/14/2022,points_ipf_gl,91.49
673,Kevin Pak,01/22/2022,points_ipf_gl,91.49
674,Gregory Gyalog,10/08/2022,points_ipf_gl,91.47
675,Phil Lebel,01/15/2022,points_ipf_gl,91.46
676,Travis Shouse,03/26/2022,points_ipf_gl,91.46
677,Craig Jenkins,03/19/2022,points_ipf_gl,91.44
678,Kelsei Green,02/26/2022,points_ipf_gl,91.44
679,Justin Hinh,05/07/2022,points_ipf_gl,91.44
680,Nicholas Makras,05/01/2022,points_ipf_gl,91.42
681,Brandon Montlavo,08/13/2022,points_ipf_gl,91.41
682,Nick Stone,03/12/2022,points_ipf_gl,91.4
683,Vincent Cracchiolo,09/10/2022,points_ipf_gl,91.4
684,Dylan Kahn,04/16/2022,points_ipf_gl,91.38
685,Luis Vega,04/09/2022,points_ipf_gl,91.37
686,Keith Waddell,01/22/2022,points_ipf_gl,91.36
687,Nicolas Lugioyo,05/07/2022,points_ipf_gl,91.35
688,Spencer Mann,03/26/2022,points_ipf_gl,91.34
689,Bryan Dawe,01/22/2022,points_ipf_gl,91.33
690,Richard Moon,09/17/2022,points_ipf_gl,91.3
691,Jeff Cohen,06/08/2022,points_ipf_gl,91.27
692,Daniel Dietrich,03/26/2022,points_ipf_gl,91.27
693,Fernando Diaz,06/18/2022,points_ipf_gl,91.27
694,Nicholas Trakas,05/29/2022,points_ipf_gl,91.27
695,Jason Navarro,04/30/2022,points_ipf_gl,91.26
696,Ricky Huynh,03/30/2022,points_ipf_gl,91.24
697,Vaibhav Jaideep,08/06/2022,points_ipf_gl,91.24
698,Sean Luangpraseuth,03/26/2022,points_ipf_gl,91.21
699,Timothy Ochoa,09/03/2022,points_ipf_gl,91.21
700,Zachary Klapp,03/06/2022,points_ipf_gl,91.2
701,Joshua Sparks,07/10/2022,points_ipf_gl,91.2
702,Nikolas Cristan,03/23/2022,points_ipf_gl,91.17
703,Asher Johnson,02/26/2022,points_ipf_gl,91.17
704,Michael Crehan,09/10/2022,points_ipf_gl,91.16
705,Tyler Otto,07/09/2022,points_ipf_gl,91.14
706,Benjamin Bulson,07/08/2022,points_ipf_gl,91.13
707,Saimon Haddad,08/13/2022,points_ipf_gl,91.13
708,Marc Greco,06/18/2022,points_ipf_gl,91.12
709,Ilian Rojas,06/18/2022,points_ipf_gl,91.11
710,Dat Le,06/08/2022,points_ipf_gl,91.1
711,John Keeley,03/26/2022,points_ipf_gl,91.1
712,Newton Cheng,03/04/2022,points_ipf_gl,91.09
713,Mitchell Jones,10/15/2022,points_ipf_gl,91.08
714,Dylan McKinney,08/13/2022,points_ipf_gl,91.08
715,Walter Oro Abrahao,04/30/2022,points_ipf_gl,91.05
716,Kevin Luke,01/22/2022,points_ipf_gl,91.03
717,stanley zapata,08/13/2022,points_ipf_gl,91.01
718,Evan Ross,08/06/2022,points_ipf_gl,91.0
719,Tyler Tillmon,04/09/2022,points_ipf_gl,90.99
720,Kyle Morris,03/19/2022,points_ipf_gl,90.99
721,Hassan Sobh,08/27/2022,points_ipf_gl,90.98
722,Victor Truong,07/30/2022,points_ipf_gl,90.96
723,Carson LaBarre,03/22/2022,points_ipf_gl,90.96
724,MItchell Rees,02/26/2022,points_ipf_gl,90.95
725,Gabriel Reyes,04/09/2022,points_ipf_gl,90.94
726,Jacob Woods,03/19/2022,points_ipf_gl,90.91
727,Hashem Elsherbeny,03/26/2022,points_ipf_gl,90.9
728,Skyler Giannetti,01/22/2022,points_ipf_gl,90.88
729,Kristian Elvina,07/08/2022,points_ipf_gl,90.88
730,Jarrett Nowak,03/26/2022,points_ipf_gl,90.88
731,Andrew Graves,09/25/2022,points_ipf_gl,90.85
732,Krystian Garbicz,03/26/2022,points_ipf_gl,90.84
733,Kurt Duchow,01/22/2022,points_ipf_gl,90.83
734,Jordan Bywater,08/27/2022,points_ipf_gl,90.82
735,Maurice McFadden,08/27/2022,points_ipf_gl,90.81
736,Marc Lehnert,06/08/2022,points_ipf_gl,90.79
737,Timothy Wong,08/13/2022,points_ipf_gl,90.74
738,Sean Ramirez,04/30/2022,points_ipf_gl,90.74
739,Cameron Lunsford,03/26/2022,points_ipf_gl,90.74
740,Brandon Diamond,05/01/2022,points_ipf_gl,90.73
741,Kevin Nuesi,07/16/2022,points_ipf_gl,90.73
742,Ryan North,07/16/2022,points_ipf_gl,90.73
743,Jared Zapanta,05/07/2022,points_ipf_gl,90.72
744,Christian Kornegay,03/05/2022,points_ipf_gl,90.72
745,Norman Leflore,05/21/2022,points_ipf_gl,90.72
746,Christopher Padilla,06/08/2022,points_ipf_gl,90.71
747,Lance Madden,04/10/2022,points_ipf_gl,90.68
748,Benjamin Pendley,09/11/2022,points_ipf_gl,90.67
749,Brock Young,02/12/2022,points_ipf_gl,90.65
750,David Weisman,05/28/2022,points_ipf_gl,90.65
751,Ty Welsch,04/02/2022,points_ipf_gl,90.65
752,Chad Mara,05/07/2022,points_ipf_gl,90.61
753,Asante Gordon,03/23/2022,points_ipf_gl,90.59
754,Joaquin Jacquez,07/23/2022,points_ipf_gl,90.59
755,Randy Michael,07/23/2022,points_ipf_gl,90.59
756,Andre Butler,07/30/2022,points_ipf_gl,90.58
757,Thomas Swain,01/15/2022,points_ipf_gl,90.55
758,Aaron DelMundo,07/08/2022,points_ipf_gl,90.53
759,Yuheng Liu,03/26/2022,points_ipf_gl,90.52
760,Ethan Stone,03/23/2022,points_ipf_gl,90.52
761,Max Marohl,07/09/2022,points_ipf_gl,90.51
762,Alex Merino,01/22/2022,points_ipf_gl,90.46
763,Jj Ortiz,09/10/2022,points_ipf_gl,90.46
764,Matthew Griffin,04/16/2022,points_ipf_gl,90.45
765,Cyler Anderson,07/16/2022,points_ipf_gl,90.45
766,Mauricio Salazar,09/10/2022,points_ipf_gl,90.44
767,Tanzeem Mahtab,01/22/2022,points_ipf_gl,90.43
768,Ethan Winn,03/26/2022,points_ipf_gl,90.43
769,Conner Wilmas,04/09/2022,points_ipf_gl,90.43
770,Pavlo Mishchuk,07/16/2022,points_ipf_gl,90.43
771,Chase Ulrick,02/12/2022,points_ipf_gl,90.42
772,Jakweli Gist,03/22/2022,points_ipf_gl,90.41
773,Avery Collins,09/10/2022,points_ipf_gl,90.4
774,Ervin Rodriguez Lopez,04/23/2022,points_ipf_gl,90.4
775,Praveen Sakthivel,08/20/2022,points_ipf_gl,90.4
776,Natrevian Daniels,01/15/2022,points_ipf_gl,90.37
777,Zarek Jarvis,07/23/2022,points_ipf_gl,90.36
778,Denzel Robinson,09/03/2022,points_ipf_gl,90.36
779,Daniel Moseley,09/03/2022,points_ipf_gl,90.32
780,Rocky Molina Ii,04/23/2022,points_ipf_gl,90.32
781,Tyler Montanye,04/02/2022,points_ipf_gl,90.31
782,Kurt Labiano,06/08/2022,points_ipf_gl,90.31
783,Antonio Vaca,08/06/2022,points_ipf_gl,90.29
784,Brendan Parr,03/26/2022,points_ipf_gl,90.28
785,Michael Jolly,04/09/2022,points_ipf_gl,90.28
786,Luke Montavon,06/18/2022,points_ipf_gl,90.24
787,Jonathan Chaves,04/23/2022,points_ipf_gl,90.23
788,Kevin Kattiandagho,02/26/2022,points_ipf_gl,90.22
789,Jack Kirschler,02/12/2022,points_ipf_gl,90.22
790,Jose Gonzalez,06/08/2022,points_ipf_gl,90.21
791,Michael Chalupny,10/16/2022,points_ipf_gl,90.19
792,Matthew Garcia,10/15/2022,points_ipf_gl,90.18
793,Alexander Parsons,09/17/2022,points_ipf_gl,90.17
794,Justin Bailey,03/19/2022,points_ipf_gl,90.17
795,Jacob Park,03/23/2022,points_ipf_gl,90.16
796,Chris Appiah,03/20/2022,points_ipf_gl,90.12
797,Andrew Keller,10/01/2022,points_ipf_gl,90.11
798,Gerald Green Jr.,08/06/2022,points_ipf_gl,90.1
799,Matthew Gray,02/19/2022,points_ipf_gl,90.09
800,Ethan Yodanza,01/16/2022,points_ipf_gl,90.08
801,Albert Carter,05/07/2022,points_ipf_gl,90.06
802,José Lagunas,09/10/2022,points_ipf_gl,90.05
803,Faolan Gordon,06/25/2022,points_ipf_gl,90.04
804,Donald Stample,05/07/2022,points_ipf_gl,90.03
805,Evan Poust,07/08/2022,points_ipf_gl,90.0
806,Bernabe Piedra,04/09/2022,points_ipf_gl,89.98
807,Oonagh Aatnite,10/08/2022,points_ipf_gl,89.97
808,Ethan Maynord,08/27/2022,points_ipf_gl,89.95
809,Alvin Vo,03/26/2022,points_ipf_gl,89.95
810,Ollie George,06/18/2022,points_ipf_gl,89.93
811,Bryce Braun,03/12/2022,points_ipf_gl,89.92
812,Nathan Beeler,03/22/2022,points_ipf_gl,89.92
813,Joseph Koenecke,03/26/2022,points_ipf_gl,89.9
814,Michael Hafenbrack,06/08/2022,points_ipf_gl,89.89
815,Jason Jackson,06/08/2022,points_ipf_gl,89.88
816,Kevin Serrano,08/06/2022,points_ipf_gl,89.88
817,Tomohiro Sasaki,03/26/2022,points_ipf_gl,89.85
818,Ernesto limon,04/09/2022,points_ipf_gl,89.84
819,Dennis Bitetti,04/03/2022,points_ipf_gl,89.84
820,Nathan Zephir,08/13/2022,points_ipf_gl,89.84
821,Matt Baller,02/19/2022,points_ipf_gl,89.83
822,Michael Kuhns,03/05/2022,points_ipf_gl,89.83
823,Kyle Britt,01/29/2022,points_ipf_gl,89.82
824,Jason Garcia,07/08/2022,points_ipf_gl,89.81
825,Keagan Parker,08/27/2022,points_ipf_gl,89.8
826,Mars Watkins,01/29/2022,points_ipf_gl,89.79
827,Christopher Aceves,04/09/2022,points_ipf_gl,89.79
828,Devin Clark,03/05/2022,points_ipf_gl,89.78
829,Sam Limbardo,07/08/2022,points_ipf_gl,89.77
830,Paul Boss,04/02/2022,points_ipf_gl,89.77
831,Sebastian Padilla,08/13/2022,points_ipf_gl,89.76
832,Jonathan Braat,06/18/2022,points_ipf_gl,89.74
833,Moises Amaro,03/26/2022,points_ipf_gl,89.74
834,Dante Searcy,09/11/2022,points_ipf_gl,89.73
835,Michael Sysavan,07/23/2022,points_ipf_gl,89.72
836,Danh Tran,04/30/2022,points_ipf_gl,89.72
837,Alexander Mazzella,02/12/2022,points_ipf_gl,89.72
838,Chase Chapa,03/26/2022,points_ipf_gl,89.72
839,Ramsey Rohner,01/16/2022,points_ipf_gl,89.71
840,Aaron Javier,09/10/2022,points_ipf_gl,89.71
841,Alexander Ono,02/26/2022,points_ipf_gl,89.69
842,James Ramadhan,09/10/2022,points_ipf_gl,89.68
843,Nick Culbertson,04/30/2022,points_ipf_gl,89.67
844,Michael Reed,05/01/2022,points_ipf_gl,89.66
845,Bob Eucker,01/15/2022,points_ipf_gl,89.64
846,Seth Despres,06/18/2022,points_ipf_gl,89.64
847,Sergio Coronado,04/30/2022,points_ipf_gl,89.63
848,Tucker Richey,06/08/2022,points_ipf_gl,89.63
849,Ryan Hargett,08/27/2022,points_ipf_gl,89.62
850,Huy Hathuc,03/26/2022,points_ipf_gl,89.62
851,Jonathan Ocana,10/15/2022,points_ipf_gl,89.62
852,Evan Van Bree,03/23/2022,points_ipf_gl,89.62
853,Gavin Louviere,03/26/2022,points_ipf_gl,89.61
854,Juan Sanchez,04/02/2022,points_ipf_gl,89.61
855,Ryan Hanley,04/30/2022,points_ipf_gl,89.61
856,Zakk Weichbrodt,05/28/2022,points_ipf_gl,89.61
857,Brody Littrell,06/25/2022,points_ipf_gl,89.6
858,Bryce Grisez,03/26/2022,points_ipf_gl,89.6
859,Aiden Gates,09/17/2022,points_ipf_gl,89.57
860,Raymond Gonzales,05/29/2022,points_ipf_gl,89.57
861,Carter Trowbridge,03/26/2022,points_ipf_gl,89.57
862,Caden Frisby,04/16/2022,points_ipf_gl,89.56
863,Matthew Hood,09/04/2022,points_ipf_gl,89.56
864,Ben Silverstein,01/22/2022,points_ipf_gl,89.55
865,Dennis Nguyen,03/26/2022,points_ipf_gl,89.55
866,Nathan Kim,01/29/2022,points_ipf_gl,89.53
867,Alex Cano,03/26/2022,points_ipf_gl,89.53
868,Jonathan Graf,03/26/2022,points_ipf_gl,89.53
869,Nicholas Soto,05/29/2022,points_ipf_gl,89.51
870,Dallin Robertson,07/16/2022,points_ipf_gl,89.5
871,Jalen Nix,03/19/2022,points_ipf_gl,89.47
872,Robert Witzlib,04/23/2022,points_ipf_gl,89.47
873,David ledezma,02/26/2022,points_ipf_gl,89.46
874,Hilario Alfaro,02/26/2022,points_ipf_gl,89.46
875,Seth Botelho,06/04/2022,points_ipf_gl,89.43
876,Abner Nazario,05/29/2022,points_ipf_gl,89.42
877,Jovan Baez,06/18/2022,points_ipf_gl,89.4
878,Andres Bayuelo,08/13/2022,points_ipf_gl,89.39
879,Alex Smith,01/15/2022,points_ipf_gl,89.39
880,Dalvin Chevalier,06/25/2022,points_ipf_gl,89.38
881,Cody Morris,02/19/2022,points_ipf_gl,89.37
882,Sam Pence,03/26/2022,points_ipf_gl,89.37
883,Anthony Hill,08/13/2022,points_ipf_gl,89.37
884,Esau Rivas,02/19/2022,points_ipf_gl,89.36
885,Jackson Thomas,07/09/2022,points_ipf_gl,89.35
886,James Grunert,01/22/2022,points_ipf_gl,89.33
887,Cristian Benitez,09/10/2022,points_ipf_gl,89.33
888,Peter Nguyen,07/23/2022,points_ipf_gl,89.32
889,Phat Diep,08/13/2022,points_ipf_gl,89.32
890,Nathaniel Johnson,07/02/2022,points_ipf_gl,89.3
891,Daniel Villa,01/22/2022,points_ipf_gl,89.29
892,Jared Trantina,03/26/2022,points_ipf_gl,89.28
893,Miguel Alejandre,04/02/2022,points_ipf_gl,89.28
894,Vitaliy Matev,09/25/2022,points_ipf_gl,89.27
895,Vitaly Sender,03/05/2022,points_ipf_gl,89.27
896,Brandon McDowell,03/05/2022,points_ipf_gl,89.26
897,David Gulyan,04/30/2022,points_ipf_gl,89.26
898,Manny Batinga Jr,01/29/2022,points_ipf_gl,89.22
899,Jackson Berndt,06/18/2022,points_ipf_gl,89.2
900,Christopher Godlewski,09/10/2022,points_ipf_gl,89.17
901,Derek Canterbury,03/19/2022,points_ipf_gl,89.17
902,Haidyn Dejean,01/22/2022,points_ipf_gl,89.17
903,Michael Beaupre,07/30/2022,points_ipf_gl,89.17
904,Carter Wheat,06/08/2022,points_ipf_gl,89.17
905,Sean Kishel,05/21/2022,points_ipf_gl,89.16
906,David Goldstein,03/05/2022,points_ipf_gl,89.14
907,John Wallace,03/26/2022,points_ipf_gl,89.14
908,Eddy Loeza,08/13/2022,points_ipf_gl,89.12
909,Cordarius Harris,03/26/2022,points_ipf_gl,89.11
910,Trent Hurtado,03/26/2022,points_ipf_gl,89.1
911,William Reisinger,03/26/2022,points_ipf_gl,89.08
912,Luke Iannucci,07/30/2022,points_ipf_gl,89.07
913,Garrett Parkhill,03/26/2022,points_ipf_gl,89.07
914,David Nguyen,04/09/2022,points_ipf_gl,89.06
915,Gabriel Penzo,07/02/2022,points_ipf_gl,89.06
916,Taylor Lipton,08/06/2022,points_ipf_gl,89.05
917,Dominique Munroe,02/19/2022,points_ipf_gl,89.05
918,Cardavius Davis,07/30/2022,points_ipf_gl,89.05
919,Kurt Villa,09/17/2022,points_ipf_gl,89.04
920,Alexander Frawley,07/30/2022,points_ipf_gl,89.03
921,Sean Varela,04/23/2022,points_ipf_gl,89.01
922,Charles Le,07/30/2022,points_ipf_gl,89.0
923,Logan Herrington,05/07/2022,points_ipf_gl,89.0
924,Rodney Acevedo,03/26/2022,points_ipf_gl,89.0
925,Alexander Perez,08/06/2022,points_ipf_gl,88.99
926,Brad Jennings,03/26/2022,points_ipf_gl,88.99
927,Enoc Amador,06/25/2022,points_ipf_gl,88.97
928,Jeremy Kane,07/30/2022,points_ipf_gl,88.97
929,Jerrold Beach,01/29/2022,points_ipf_gl,88.96
930,Juyoung Lee,03/26/2022,points_ipf_gl,88.96
931,Cameron Brown,10/09/2022,points_ipf_gl,88.94
932,Nathaniel Neill,09/11/2022,points_ipf_gl,88.94
933,Weston Wilborn,07/23/2022,points_ipf_gl,88.89
934,Luke Miles,03/23/2022,points_ipf_gl,88.89
935,Abdulrahmane Abdul-Aziz,07/09/2022,points_ipf_gl,88.85
936,Connor Loskie,06/08/2022,points_ipf_gl,88.84
937,Kyle Davidson,04/23/2022,points_ipf_gl,88.8
938,Phil Diamond,03/04/2022,points_ipf_gl,88.8
939,Mike Tedesco,07/08/2022,points_ipf_gl,88.77
940,Brennon Naquin,08/06/2022,points_ipf_gl,88.77
941,Eric Cutherell,03/26/2022,points_ipf_gl,88.76
942,Mikel Bozarth,06/25/2022,points_ipf_gl,88.75
943,Raphael Olfato,01/22/2022,points_ipf_gl,88.75
944,Dylan Price,05/21/2022,points_ipf_gl,88.75
945,Minki Hong,02/26/2022,points_ipf_gl,88.75
946,Charles Williams,01/16/2022,points_ipf_gl,88.73
947,Jose Mendoza,04/02/2022,points_ipf_gl,88.72
948,Kevin Cherry,10/08/2022,points_ipf_gl,88.71
949,Grant Higa,03/04/2022,points_ipf_gl,88.71
950,Ed Minelli,01/22/2022,points_ipf_gl,88.7
951,Caleb England,06/08/2022,points_ipf_gl,88.7
952,Joshua Franks,03/26/2022,points_ipf_gl,88.69
953,Ryan Walsh,03/12/2022,points_ipf_gl,88.69
954,Tyler Shook,08/13/2022,points_ipf_gl,88.68
955,William Valle,07/23/2022,points_ipf_gl,88.68
956,Hayden Martin,10/15/2022,points_ipf_gl,88.67
957,Connor Moore,07/16/2022,points_ipf_gl,88.67
958,Bryan Peralta,04/30/2022,points_ipf_gl,88.66
959,Eugene Carl Malvar,06/08/2022,points_ipf_gl,88.65
960,Nathan Gottesman,10/15/2022,points_ipf_gl,88.63
961,Lorenzo Barnes,06/08/2022,points_ipf_gl,88.62
962,Jakob Koleszar,05/01/2022,points_ipf_gl,88.61
963,Joshua Hemenway,01/22/2022,points_ipf_gl,88.6
964,Obadiah Thompson,04/16/2022,points_ipf_gl,88.6
965,Lance Maulsby,03/26/2022,points_ipf_gl,88.59
966,Michael Koenig,07/30/2022,points_ipf_gl,88.59
967,Justin Blechinger,03/05/2022,points_ipf_gl,88.59
968,Juan Daniel Sobrepena,01/15/2022,points_ipf_gl,88.58
969,Raymond Chow,01/15/2022,points_ipf_gl,88.57
970,Jonathan Fisher,05/29/2022,points_ipf_gl,88.57
971,Nick Hammer,10/08/2022,points_ipf_gl,88.56
972,Kaden Gammelgaard,04/02/2022,points_ipf_gl,88.55
973,Mark Bogle,04/09/2022,points_ipf_gl,88.54
974,Caleb Slaughter,03/26/2022,points_ipf_gl,88.54
975,Ayush Gupta,05/21/2022,points_ipf_gl,88.54
976,Ryan Hollis,09/10/2022,points_ipf_gl,88.54
977,Alfred Lopez,09/10/2022,points_ipf_gl,88.52
978,Jared Arkfeld,07/09/2022,points_ipf_gl,88.48
979,Jackson Burch,09/24/2022,points_ipf_gl,88.48
980,Elijah Dertz,03/26/2022,points_ipf_gl,88.48
981,Logan Bjurstrom,07/09/2022,points_ipf_gl,88.46
982,Josh Foote,03/23/2022,points_ipf_gl,88.46
983,Patrick Jin,03/20/2022,points_ipf_gl,88.46
984,Jeffrey Wong,04/30/2022,points_ipf_gl,88.43
985,Khalil Murphy,01/15/2022,points_ipf_gl,88.42
986,James Brockmeyer,08/13/2022,points_ipf_gl,88.41
987,Brendan Papin,02/12/2022,points_ipf_gl,88.4
988,Dennis Forrest,02/20/2022,points_ipf_gl,88.4
989,Gio Guerrero,09/24/2022,points_ipf_gl,88.39
990,Rob Ward,03/04/2022,points_ipf_gl,88.38
991,Michael McBroom,03/26/2022,points_ipf_gl,88.37
992,Kenneth Brashears,03/05/2022,points_ipf_gl,88.36
993,Ivan Martinovic,09/25/2022,points_ipf_gl,88.36
994,Roman Ornelaz,09/10/2022,points_ipf_gl,88.35
995,Max Bergman,03/22/2022,points_ipf_gl,88.35
996,Seth Burman,03/05/2022,points_ipf_gl,88.34
997,Evan Talnose,03/23/2022,points_ipf_gl,88.34
998,Jordan Roman,01/22/2022,points_ipf_gl,88.33
999,Alex Maksym,09/11/2022,points_ipf_gl,88.33
1000,Bobb Matthews,06/08/2022,bodyweight_kg,98.1
1001,Ashton Rouska,03/05/2022,bodyweight_kg,103.8
1002,Brandon Pitre,06/08/2022,bodyweight_kg,89.2
1003,Keenan Lee,08/28/2022,bodyweight_kg,103.8
1004,Austin Perkins,08/06/2022,bodyweight_kg,72.5
1005,Russel Orhii,06/08/2022,bodyweight_kg,82.2
1006,Rondel Hunte,07/23/2022,bodyweight_kg,119.5
1007,Jon Gruden,06/08/2022,bodyweight_kg,81.5
1008,Angelo Fortino,06/08/2022,bodyweight_kg,81.9
1009,Sean Noriega,06/08/2022,bodyweight_kg,82.2
1010,Jawon Garrison,09/24/2022,bodyweight_kg,82.1
1011,Jonathan Hill,06/08/2022,bodyweight_kg,94.3
1012,Bryce Lewis,06/08/2022,bodyweight_kg,89.6
1013,Marcus Adodo,10/15/2022,bodyweight_kg,97.8
1014,JamaRR Royster,06/08/2022,bodyweight_kg,89.0
1015,Jerald Scott,06/08/2022,bodyweight_kg,81.4
1016,Morgan Aquino Garcia,06/08/2022,bodyweight_kg,66.9
1017,Dominique Fuqua,01/29/2022,bodyweight_kg,89.8
1018,Brian Le,10/08/2022,bodyweight_kg,66.3
1019,Charles Okpoko,03/19/2022,bodyweight_kg,72.3
1020,Kyle de Leon,06/08/2022,bodyweight_kg,81.7
1021,Jimmy Villanueva,03/06/2022,bodyweight_kg,80.7
1022,David Woolson,06/08/2022,bodyweight_kg,107.8
1023,Connor Borkert,06/08/2022,bodyweight_kg,89.6
1024,Anthony Bilal,09/03/2022,bodyweight_kg,81.8
1025,Justin Rogers,03/05/2022,bodyweight_kg,97.9
1026,Jared Martin,06/08/2022,bodyweight_kg,121.9
1027,Christopher Perez,06/07/2022,bodyweight_kg,81.9
1028,Joseph Borenstein,07/02/2022,bodyweight_kg,74.5
1029,Dameion Morris,09/10/2022,bodyweight_kg,81.7
1030,Kevin Nguyen,06/08/2022,bodyweight_kg,124.2
1031,Neil Osano,08/06/2022,bodyweight_kg,74.5
1032,Eric LaPointe,06/08/2022,bodyweight_kg,74.7
1033,Joshua Tukua,09/10/2022,bodyweight_kg,89.8
1034,Anas Anbar,06/08/2022,bodyweight_kg,74.4
1035,Lorenzo Wright,03/19/2022,bodyweight_kg,99.1
1036,Daniel Clements,06/08/2022,bodyweight_kg,67.2
1037,Joshua Powell,10/08/2022,bodyweight_kg,98.2
1038,Alex Luckow,06/08/2022,bodyweight_kg,81.7
1039,Richard Cho,06/08/2022,bodyweight_kg,74.2
1040,Tracy Gilliard,06/08/2022,bodyweight_kg,81.4
1041,Mark Frezzell,06/08/2022,bodyweight_kg,73.6
1042,Daniel Howell,06/08/2022,bodyweight_kg,89.5
1043,Jacob Ramos,06/08/2022,bodyweight_kg,74.8
1044,Uthdoung pros,03/06/2022,bodyweight_kg,81.6
1045,Trevor Bowlus,02/26/2022,bodyweight_kg,81.6
1046,Deon Johnston,06/08/2022,bodyweight_kg,74.5
1047,Preston Savoy Jr,10/15/2022,bodyweight_kg,104.4
1048,Charlie Yeng,06/08/2022,bodyweight_kg,65.6
1049,Charvis Paia,06/07/2022,bodyweight_kg,82.4
1050,Andre' Easter Ii,10/15/2022,bodyweight_kg,89.5
1051,Kim Tran,06/08/2022,bodyweight_kg,74.3
1052,Gage Carreon,03/06/2022,bodyweight_kg,80.2
1053,Sean Collins,04/10/2022,bodyweight_kg,86.1
1054,Kyle Power,04/23/2022,bodyweight_kg,99.0
1055,Kai Zhao,03/19/2022,bodyweight_kg,98.7
1056,Lamar Rhodes,09/24/2022,bodyweight_kg,86.0
1057,Eric Gardner,02/19/2022,bodyweight_kg,91.3
1058,Fujii Yuya,06/08/2022,bodyweight_kg,74.8
1059,Enrique Lugo,02/26/2022,bodyweight_kg,123.0
1060,Premar Namnama,06/08/2022,bodyweight_kg,82.1
1061,Devin Williams,03/06/2022,bodyweight_kg,109.4
1062,Benjamin Collins,01/15/2022,bodyweight_kg,88.8
1063,Taylor Casteel,03/26/2022,bodyweight_kg,89.4
1064,Christopher Rivera,09/03/2022,bodyweight_kg,82.0
1065,Dallas Bey,06/08/2022,bodyweight_kg,73.9
1066,Yehia Aboelnaga,02/12/2022,bodyweight_kg,106.8
1067,Trey RIkard,10/15/2022,bodyweight_kg,85.6
1068,Zachary Yamamoto,06/08/2022,bodyweight_kg,100.0
1069,Ken Nguyen,03/26/2022,bodyweight_kg,74.1
1070,Jalen Faulk,10/15/2022,bodyweight_kg,98.8
1071,Michael Tuchscherer,03/19/2022,bodyweight_kg,119.1
1072,David Chan,06/08/2022,bodyweight_kg,82.1
1073,Dominic Rowden,10/15/2022,bodyweight_kg,85.5
1074,Cameron Smith,06/08/2022,bodyweight_kg,89.6
1075,Tevin Duncan,03/19/2022,bodyweight_kg,89.7
1076,Aubrey Hogan,02/26/2022,bodyweight_kg,74.6
1077,Seth Dasuki,03/26/2022,bodyweight_kg,81.5
1078,Camden Wilson,02/26/2022,bodyweight_kg,104.8
1079,Kyle Petersen,03/26/2022,bodyweight_kg,74.7
1080,Cody Jaeger,10/15/2022,bodyweight_kg,82.3
1081,Kyle Dawson,03/30/2022,bodyweight_kg,81.8
1082,Scott Thurlow,01/22/2022,bodyweight_kg,82.4
1083,Juan Rios,02/26/2022,bodyweight_kg,74.5
1084,Micheal Seay,06/08/2022,bodyweight_kg,79.8
1085,Devin Mervau,07/09/2022,bodyweight_kg,88.1
1086,Thang Ngo,02/12/2022,bodyweight_kg,88.7
1087,Douglas Bowen,07/30/2022,bodyweight_kg,88.8
1088,sean mills,03/30/2022,bodyweight_kg,109.5
1089,Sean Moser,04/02/2022,bodyweight_kg,95.7
1090,Josiah Vivero,06/08/2022,bodyweight_kg,74.5
1091,Aaron Terry,04/09/2022,bodyweight_kg,123.2
1092,Kalil Zaky,06/08/2022,bodyweight_kg,97.3
1093,Peter Pires,06/08/2022,bodyweight_kg,87.3
1094,Seun Jubril,07/09/2022,bodyweight_kg,81.8
1095,Ryan Baylark,09/10/2022,bodyweight_kg,89.2
1096,Joseph Adams,06/08/2022,bodyweight_kg,89.8
1097,Daniel Morris,10/15/2022,bodyweight_kg,86.5
1098,Matthew Yeung,08/13/2022,bodyweight_kg,81.6
1099,Brett Peach,03/26/2022,bodyweight_kg,81.3
1100,Evan Orlandi,03/26/2022,bodyweight_kg,96.8
1101,Matthew Mora,09/24/2022,bodyweight_kg,74.2
1102,Aidan Roeder,03/26/2022,bodyweight_kg,87.9
1103,Tevin Jones,02/26/2022,bodyweight_kg,108.2
1104,Rob Escalante,07/23/2022,bodyweight_kg,81.7
1105,Cole Waggoner,03/19/2022,bodyweight_kg,89.2
1106,Steven Coburn,10/15/2022,bodyweight_kg,81.8
1107,Jhonson Solano,03/06/2022,bodyweight_kg,81.9
1108,Mikay Ye,06/08/2022,bodyweight_kg,67.0
1109,Quentin Nunez,06/08/2022,bodyweight_kg,98.5
1110,Wesley Cheng,02/12/2022,bodyweight_kg,88.7
1111,Vincent Victorero,06/08/2022,bodyweight_kg,89.9
1112,Sol Na,06/08/2022,bodyweight_kg,81.9
1113,Braxton Davis,06/25/2022,bodyweight_kg,85.3
1114,Michael Coladipietro,02/20/2022,bodyweight_kg,74.6
1115,Edward Taylor,03/05/2022,bodyweight_kg,82.2
1116,Lawrence Hinson,03/30/2022,bodyweight_kg,89.8
1117,Kevin Garrette,03/26/2022,bodyweight_kg,72.8
1118,Nicholas Lombardi,10/15/2022,bodyweight_kg,89.2
1119,Blake Atwell,06/08/2022,bodyweight_kg,116.6
1120,Garry Mendez,04/02/2022,bodyweight_kg,89.6
1121,Edwin McQuiston,09/24/2022,bodyweight_kg,103.5
1122,Jefferson Shue,04/02/2022,bodyweight_kg,89.2
1123,William Waller,05/29/2022,bodyweight_kg,86.4
1124,Michael Astrologo,06/08/2022,bodyweight_kg,137.3
1125,Alex Lau,06/08/2022,bodyweight_kg,81.9
1126,Vince Bualoy,08/13/2022,bodyweight_kg,109.5
1127,Nathen Pangaldan,06/08/2022,bodyweight_kg,73.0
1128,Tyler Drahem,09/24/2022,bodyweight_kg,98.2
1129,Kaleb Miller,01/22/2022,bodyweight_kg,105.7
1130,Michael Ayles,10/15/2022,bodyweight_kg,98.4
1131,Jeffrey Leung,03/26/2022,bodyweight_kg,74.2
1132,Ronnie Cormier,09/25/2022,bodyweight_kg,82.3
1133,Evan Judice,06/08/2022,bodyweight_kg,74.8
1134,Jason Bongard,06/08/2022,bodyweight_kg,89.2
1135,James Vang,03/05/2022,bodyweight_kg,67.3
1136,Tony Nguyen,09/24/2022,bodyweight_kg,74.0
1137,William Lai,08/20/2022,bodyweight_kg,75.6
1138,Dustin Limerick,03/23/2022,bodyweight_kg,108.0
1139,Dedreck Rucker,03/06/2022,bodyweight_kg,107.9
1140,Hung Phan,09/10/2022,bodyweight_kg,105.9
1141,De’Metre Forney,04/09/2022,bodyweight_kg,106.7
1142,Donavin Spears,03/23/2022,bodyweight_kg,82.4
1143,Nico Flores,04/30/2022,bodyweight_kg,74.3
1144,Hunter Reaux,10/15/2022,bodyweight_kg,89.3
1145,Jeff Docena,01/22/2022,bodyweight_kg,88.8
1146,Jason Cambra,03/26/2022,bodyweight_kg,87.6
1147,James Peavey,02/26/2022,bodyweight_kg,82.5
1148,Jordan McKinley,03/23/2022,bodyweight_kg,87.7
1149,Christopher Greene,06/08/2022,bodyweight_kg,99.0
1150,Chad Schroeder,06/18/2022,bodyweight_kg,96.4
1151,noah Urbanski,03/30/2022,bodyweight_kg,93.4
1152,Patrick Klaus,10/15/2022,bodyweight_kg,89.8
1153,Darryl Webster,02/19/2022,bodyweight_kg,89.2
1154,Tonggyu Kim,10/08/2022,bodyweight_kg,74.7
1155,Joey Correia,06/08/2022,bodyweight_kg,65.7
1156,Sawyer Klatt,03/30/2022,bodyweight_kg,98.7
1157,Chad Odsey,09/10/2022,bodyweight_kg,74.8
1158,Matthias Cash,07/23/2022,bodyweight_kg,74.8
1159,Carlos Lucio,08/20/2022,bodyweight_kg,85.3
1160,Chance Brady,01/22/2022,bodyweight_kg,82.5
1161,Zebulon Moore,06/18/2022,bodyweight_kg,107.8
1162,Zachary McGillis,03/26/2022,bodyweight_kg,72.4
1163,Marcellus Williams,06/08/2022,bodyweight_kg,74.5
1164,Bryan Rodriguez Gomez,02/26/2022,bodyweight_kg,74.5
1165,Caleb Calaway,08/13/2022,bodyweight_kg,82.1
1166,Angelo Agustin,06/08/2022,bodyweight_kg,106.6
1167,Christopher Austin,05/21/2022,bodyweight_kg,99.2
1168,Aitor Lapena-Gutierrez,03/04/2022,bodyweight_kg,106.8
1169,Connor Heim,03/30/2022,bodyweight_kg,82.4
1170,Philip Truong,03/30/2022,bodyweight_kg,81.8
1171,Andrew Ha,06/08/2022,bodyweight_kg,73.8
1172,kevin cando,06/08/2022,bodyweight_kg,73.8
1173,Justin Ellis,06/08/2022,bodyweight_kg,74.4
1174,Jared Naquin,06/08/2022,bodyweight_kg,82.0
1175,Devraj Roy,06/08/2022,bodyweight_kg,88.3
1176,Thomas Anderson,06/04/2022,bodyweight_kg,89.0
1177,Ronny Hiraldo,06/25/2022,bodyweight_kg,82.1
1178,Ethan Marshall,09/17/2022,bodyweight_kg,88.2
1179,Liam Newell,03/26/2022,bodyweight_kg,88.2
1180,Jordan Beverly,05/21/2022,bodyweight_kg,96.9
1181,Thomas Redd,01/29/2022,bodyweight_kg,94.4
1182,Connor Sult,10/15/2022,bodyweight_kg,94.4
1183,Michael Escano,07/02/2022,bodyweight_kg,73.8
1184,Jordon Spence,03/26/2022,bodyweight_kg,111.0
1185,Corey Dennis,06/08/2022,bodyweight_kg,99.1
1186,Nathan Barna,04/02/2022,bodyweight_kg,88.6
1187,Dominic Melvin,04/16/2022,bodyweight_kg,139.7
1188,Carlos Santoliquido,09/10/2022,bodyweight_kg,108.2
1189,Carson Allen,06/08/2022,bodyweight_kg,82.2
1190,Terel Monroe,06/08/2022,bodyweight_kg,65.0
1191,Hagen Henderson,04/09/2022,bodyweight_kg,136.9
1192,Logan Goo,06/08/2022,bodyweight_kg,74.6
1193,Joseph Rodriguez,06/08/2022,bodyweight_kg,71.5
1194,Austin Nikolai,07/09/2022,bodyweight_kg,66.1
1195,Jorge Diaz,10/09/2022,bodyweight_kg,89.5
1196,Evan Dunne,05/29/2022,bodyweight_kg,81.9
1197,Mark Beltran,06/08/2022,bodyweight_kg,66.7
1198,CJ Shuford,06/08/2022,bodyweight_kg,66.6
1199,Dalvin Sharpe,10/15/2022,bodyweight_kg,86.3
1200,Joseph Bierly,07/08/2022,bodyweight_kg,73.5
1201,Brian Marmolejo,02/26/2022,bodyweight_kg,73.5
1202,Christian Petrilli,03/26/2022,bodyweight_kg,82.3
1203,Elijah Williams,03/26/2022,bodyweight_kg,74.1
1204,Nicolas Philippi,06/08/2022,bodyweight_kg,109.4
1205,Stiven Sandoval Esparza,08/27/2022,bodyweight_kg,81.8
1206,Jacob Waltzer,03/26/2022,bodyweight_kg,73.8
1207,Zaw Thiha,10/15/2022,bodyweight_kg,67.2
1208,Xuchill Laput,04/02/2022,bodyweight_kg,72.9
1209,Nabil Lahlou,04/03/2022,bodyweight_kg,72.4
1210,Thomas Magarelli,09/25/2022,bodyweight_kg,89.9
1211,Ragan Henderson,10/15/2022,bodyweight_kg,115.7
1212,Neitik Patel,01/29/2022,bodyweight_kg,89.0
1213,Chase Ishmael,07/16/2022,bodyweight_kg,97.9
1214,Arthur French,03/30/2022,bodyweight_kg,107.6
1215,Sebastian Ehmann,04/16/2022,bodyweight_kg,109.4
1216,Michael West,10/15/2022,bodyweight_kg,90.6
1217,Matthew Swanson,06/08/2022,bodyweight_kg,89.4
1218,Dylan Campbell,03/19/2022,bodyweight_kg,105.2
1219,Trevor Woodman,03/06/2022,bodyweight_kg,81.7
1220,David Waters,02/19/2022,bodyweight_kg,83.0
1221,Kristopher Hunt,06/08/2022,bodyweight_kg,89.5
1222,Tanner Underberg,03/30/2022,bodyweight_kg,81.9
1223,Jason Coonan,06/08/2022,bodyweight_kg,97.8
1224,Alex Hall,10/16/2022,bodyweight_kg,80.4
1225,James Cole,03/30/2022,bodyweight_kg,99.5
1226,Devin Tran,02/26/2022,bodyweight_kg,95.0
1227,Zach Taylor,03/30/2022,bodyweight_kg,67.3
1228,Brian Brickey,06/08/2022,bodyweight_kg,105.9
1229,Ben Lujan,10/01/2022,bodyweight_kg,90.0
1230,Jeffrey Thompson,06/08/2022,bodyweight_kg,74.5
1231,Mathew Tinson,08/13/2022,bodyweight_kg,82.1
1232,Jeffrey Gonzalez,03/26/2022,bodyweight_kg,88.7
1233,Tyler Wilson,03/26/2022,bodyweight_kg,108.0
1234,McVay Stockwell,03/26/2022,bodyweight_kg,74.5
1235,Derek LoGrande,06/08/2022,bodyweight_kg,73.9
1236,Michael Bress,03/19/2022,bodyweight_kg,90.0
1237,E.J. Thomas,04/09/2022,bodyweight_kg,89.4
1238,Eric Jelen,05/28/2022,bodyweight_kg,81.2
1239,Kevin Paul,10/15/2022,bodyweight_kg,97.3
1240,Nathan McPeters,08/27/2022,bodyweight_kg,98.7
1241,Quinton Briggs,03/26/2022,bodyweight_kg,89.7
1242,Chris Yip,09/10/2022,bodyweight_kg,75.8
1243,Michael Simonetti,04/02/2022,bodyweight_kg,107.1
1244,Kyle Nowak,03/26/2022,bodyweight_kg,66.5
1245,Matthew Middleton,09/10/2022,bodyweight_kg,96.2
1246,Jordan Glenn,06/08/2022,bodyweight_kg,89.9
1247,Lawrence Chambers,06/25/2022,bodyweight_kg,81.0
1248,Liam Belcher,09/10/2022,bodyweight_kg,90.0
1249,David Charles,10/08/2022,bodyweight_kg,89.4
1250,Ryan Sanders,06/08/2022,bodyweight_kg,97.2
1251,De'Quinton Gie,03/06/2022,bodyweight_kg,81.8
1252,William Dunn,10/15/2022,bodyweight_kg,74.0
1253,Noah Forman,06/08/2022,bodyweight_kg,73.0
1254,Pedro Rabello,07/30/2022,bodyweight_kg,77.4
1255,Tyler Wang,03/06/2022,bodyweight_kg,96.8
1256,Jonah Liwag,07/03/2022,bodyweight_kg,95.6
1257,James Bryant,06/08/2022,bodyweight_kg,82.1
1258,Motti Goldberger,03/26/2022,bodyweight_kg,66.5
1259,Cody Hartman,03/30/2022,bodyweight_kg,74.9
1260,Sevon Bumper,04/30/2022,bodyweight_kg,90.0
1261,Dwight Simmons,08/06/2022,bodyweight_kg,116.9
1262,Tadriaun Logan,06/08/2022,bodyweight_kg,88.9
1263,Fabion Moffett,02/05/2022,bodyweight_kg,108.5
1264,Leandro Gerard Faraon,06/08/2022,bodyweight_kg,66.7
1265,Jeffrey Chavez,06/08/2022,bodyweight_kg,81.3
1266,Besim Muminovic,01/22/2022,bodyweight_kg,88.6
1267,Gabriel Zakaryan,08/13/2022,bodyweight_kg,108.9
1268,Paul Beck,09/10/2022,bodyweight_kg,89.3
1269,Sawyer Yandell,02/26/2022,bodyweight_kg,66.4
1270,Nicholas Larson,10/01/2022,bodyweight_kg,90.0
1271,Richard Shorts,03/26/2022,bodyweight_kg,81.5
1272,Zachary Watson,07/23/2022,bodyweight_kg,86.9
1273,Dakota Snyder,02/12/2022,bodyweight_kg,110.0
1274,Jonathan Lavoie,07/16/2022,bodyweight_kg,81.7
1275,Brenan Lasala,08/13/2022,bodyweight_kg,109.3
1276,Maxon Shethar,03/26/2022,bodyweight_kg,138.3
1277,Joshua Longoria,02/12/2022,bodyweight_kg,143.3
1278,Deontay Walker,06/08/2022,bodyweight_kg,99.5
1279,Joshua Villa,03/19/2022,bodyweight_kg,89.1
1280,Joel Patera,04/02/2022,bodyweight_kg,87.9
1281,Brandon Rojo,09/24/2022,bodyweight_kg,81.9
1282,Wesley Allen,03/05/2022,bodyweight_kg,89.1
1283,Tyler Tai Nguyen,10/15/2022,bodyweight_kg,80.8
1284,William Ivey,10/15/2022,bodyweight_kg,87.9
1285,Atomu Wakamatsu,06/08/2022,bodyweight_kg,81.4
1286,Niels Levy-Thiebaut,08/06/2022,bodyweight_kg,89.2
1287,Wascar Carpio,03/06/2022,bodyweight_kg,60.0
1288,Peter Cherry,03/06/2022,bodyweight_kg,109.8
1289,Adam Cecchetto,10/08/2022,bodyweight_kg,96.4
1290,Darious Stokes,02/19/2022,bodyweight_kg,65.4
1291,Antonio Thomas,05/01/2022,bodyweight_kg,107.7
1292,Nicholas Gorham,10/15/2022,bodyweight_kg,82.2
1293,Eddy Tamayo Garcia,06/08/2022,bodyweight_kg,97.2
1294,Adrian Kim,08/20/2022,bodyweight_kg,73.8
1295,Cody Gassman,03/19/2022,bodyweight_kg,88.3
1296,William O'Neil-White,10/08/2022,bodyweight_kg,132.8
1297,Nathan Tansey,03/26/2022,bodyweight_kg,74.5
1298,Gregory Wunrow,09/03/2022,bodyweight_kg,96.8
1299,Jared Hernandez,05/07/2022,bodyweight_kg,80.1
1300,Michael Hennessy,09/10/2022,bodyweight_kg,81.4
1301,Nicholas Tadrick,06/08/2022,bodyweight_kg,99.6
1302,Max Runkle,03/19/2022,bodyweight_kg,89.8
1303,Morgan Chan,04/16/2022,bodyweight_kg,82.0
1304,Lance London,07/08/2022,bodyweight_kg,99.1
1305,Aliki Hui,07/23/2022,bodyweight_kg,73.7
1306,Joshua Price,01/29/2022,bodyweight_kg,124.6
1307,Nathan Alexander,06/08/2022,bodyweight_kg,123.8
1308,Austin Miller,08/13/2022,bodyweight_kg,88.2
1309,Nikolas Williams,08/13/2022,bodyweight_kg,88.3
1310,Luke McCain,06/08/2022,bodyweight_kg,62.5
1311,Allan Bautista,08/13/2022,bodyweight_kg,80.0
1312,Nathan Redwing,04/23/2022,bodyweight_kg,150.3
1313,Cole Garcia,03/26/2022,bodyweight_kg,95.5
1314,Chris Salazar,06/25/2022,bodyweight_kg,89.7
1315,Garrett Bailey,03/12/2022,bodyweight_kg,117.5
1316,Jeffrey Glover,06/04/2022,bodyweight_kg,73.4
1317,Lee Gerth,09/10/2022,bodyweight_kg,98.3
1318,Phillip Wilson,01/15/2022,bodyweight_kg,80.2
1319,Travis Napier,02/12/2022,bodyweight_kg,107.0
1320,Edward Tadman,06/08/2022,bodyweight_kg,74.1
1321,Curtis Whitten,06/25/2022,bodyweight_kg,97.8
1322,Jesse Rodriguez,06/08/2022,bodyweight_kg,67.3
1323,Bryan Harwell,04/30/2022,bodyweight_kg,80.3
1324,Romar Paul Harayo,03/30/2022,bodyweight_kg,109.3
1325,Derek Akunne,09/24/2022,bodyweight_kg,121.3
1326,Lucas Sison,02/26/2022,bodyweight_kg,73.7
1327,Kendall Washington,06/08/2022,bodyweight_kg,67.4
1328,Matt Foddrill,03/06/2022,bodyweight_kg,73.2
1329,Gabe Cuadra,03/26/2022,bodyweight_kg,82.2
1330,Joe Bertone,02/19/2022,bodyweight_kg,120.7
1331,Lee Maccarone,10/01/2022,bodyweight_kg,82.3
1332,Michael Weshnak,09/25/2022,bodyweight_kg,88.3
1333,Ronell Labrada,10/01/2022,bodyweight_kg,109.6
1334,Paul Manzella,07/23/2022,bodyweight_kg,81.1
1335,Jacob Lynch,09/25/2022,bodyweight_kg,73.3
1336,Alex Beaufort,09/11/2022,bodyweight_kg,73.3
1337,Hugo Mendoza,04/09/2022,bodyweight_kg,108.2
1338,Ryan Nolan,07/08/2022,bodyweight_kg,98.2
1339,Derreck Radzieski,03/19/2022,bodyweight_kg,74.4
1340,Matthew Cronin,06/08/2022,bodyweight_kg,122.6
1341,Geovanni Martiniano,06/08/2022,bodyweight_kg,67.1
1342,Kevin Yeboah,03/19/2022,bodyweight_kg,93.1
1343,Micah Tumpap,06/18/2022,bodyweight_kg,81.4
1344,Joshua Hall,03/26/2022,bodyweight_kg,89.9
1345,Sean Sullivan,06/08/2022,bodyweight_kg,74.6
1346,Alex Hong,04/02/2022,bodyweight_kg,79.7
1347,Jhamal Williams,03/26/2022,bodyweight_kg,98.6
1348,Killian Turner,04/16/2022,bodyweight_kg,81.5
1349,Guillermo Casal,06/08/2022,bodyweight_kg,89.4
1350,Shawn Alexander,03/06/2022,bodyweight_kg,79.2
1351,Nicholas Farison,03/06/2022,bodyweight_kg,74.2
1352,Joshua Espinosa,09/10/2022,bodyweight_kg,102.2
1353,Joshua Heiss,06/08/2022,bodyweight_kg,74.3
1354,Adam Proben,03/26/2022,bodyweight_kg,81.1
1355,Jacob Hernandez,08/13/2022,bodyweight_kg,66.4
1356,Julian Posas,01/29/2022,bodyweight_kg,87.8
1357,William Hemmen,06/08/2022,bodyweight_kg,105.4
1358,Mark Heimann,06/08/2022,bodyweight_kg,74.4
1359,Blake Trevillian,03/30/2022,bodyweight_kg,89.7
1360,Jonathan Avril,04/30/2022,bodyweight_kg,134.7
1361,Blayne Kildahl,03/23/2022,bodyweight_kg,87.7
1362,Mirwaise Masroor,06/08/2022,bodyweight_kg,94.4
1363,Christopher Hanna,04/02/2022,bodyweight_kg,68.2
1364,Keenan Dung,03/06/2022,bodyweight_kg,74.0
1365,Marcos Chavez,03/26/2022,bodyweight_kg,69.7
1366,Josh Wade,04/23/2022,bodyweight_kg,107.9
1367,Victor Cabali,06/08/2022,bodyweight_kg,81.4
1368,Jean-Louis Nguyen,06/08/2022,bodyweight_kg,79.7
1369,Daniel Fuentes,08/13/2022,bodyweight_kg,81.5
1370,James Flanigan,06/08/2022,bodyweight_kg,98.7
1371,Damarrio Holloway,02/19/2022,bodyweight_kg,75.3
1372,Charr Gahagan,03/04/2022,bodyweight_kg,98.2
1373,Brady Flasch,03/05/2022,bodyweight_kg,73.7
1374,Nicklas Haddad,06/08/2022,bodyweight_kg,73.2
1375,Ben Sanchez,09/10/2022,bodyweight_kg,66.3
1376,Ryan Robertson,03/26/2022,bodyweight_kg,96.2
1377,Tim Hansen,03/23/2022,bodyweight_kg,96.9
1378,Carlos Mata,06/08/2022,bodyweight_kg,65.3
1379,Henry Huynhnguyen,10/16/2022,bodyweight_kg,81.7
1380,Daniel Chen,05/07/2022,bodyweight_kg,73.2
1381,Riley Hennessey,03/26/2022,bodyweight_kg,81.1
1382,Judah Jones,06/08/2022,bodyweight_kg,99.0
1383,Sebastian Baytan,03/05/2022,bodyweight_kg,97.0
1384,Bryce Martin,06/18/2022,bodyweight_kg,95.6
1385,Lorenz Licudine,03/30/2022,bodyweight_kg,88.5
1386,Ragheb Abu-rubieh,07/30/2022,bodyweight_kg,82.4
1387,Richard Readdy,06/08/2022,bodyweight_kg,81.8
1388,Samuel Marusic,05/07/2022,bodyweight_kg,89.1
1389,Austin Brouillard,10/15/2022,bodyweight_kg,81.8
1390,Luis Trujillo,07/23/2022,bodyweight_kg,89.2
1391,Carrington Amadi,06/08/2022,bodyweight_kg,124.8
1392,Omar Marquez,06/08/2022,bodyweight_kg,124.8
1393,Gabriel Rogers,10/15/2022,bodyweight_kg,84.9
1394,Charles Ellison,03/26/2022,bodyweight_kg,81.9
1395,Daniel Tum Suden,07/23/2022,bodyweight_kg,87.4
1396,Josue Paredes,03/19/2022,bodyweight_kg,71.8
1397,Ricardo Gomez,07/30/2022,bodyweight_kg,97.2
1398,Wesley Mull,01/15/2022,bodyweight_kg,90.0
1399,Benjamin Lawrence,08/06/2022,bodyweight_kg,88.7
1400,Stuart Feng,04/16/2022,bodyweight_kg,82.0
1401,Jaime Turcios,06/08/2022,bodyweight_kg,118.3
1402,Trey Koenig,03/06/2022,bodyweight_kg,107.3
1403,Jaylen Boyd,06/08/2022,bodyweight_kg,66.1
1404,Kevin Elliott,03/19/2022,bodyweight_kg,107.4
1405,Samuel Friedrich,03/23/2022,bodyweight_kg,82.1
1406,Quinten Walker,05/29/2022,bodyweight_kg,88.9
1407,John Suschak,10/15/2022,bodyweight_kg,87.2
1408,Josenico Blanco,07/23/2022,bodyweight_kg,87.9
1409,Stefan Kraus,02/19/2022,bodyweight_kg,79.5
1410,Anotine Welch,04/23/2022,bodyweight_kg,91.1
1411,Kyung-Min (John) Roh,10/15/2022,bodyweight_kg,89.2
1412,Nicklas Gilmour,09/24/2022,bodyweight_kg,89.2
1413,Sean Collins,09/25/2022,bodyweight_kg,75.0
1414,Ariel Merivil,03/12/2022,bodyweight_kg,82.5
1415,Matthew Octaviano,01/15/2022,bodyweight_kg,100.0
1416,John Tong,04/23/2022,bodyweight_kg,82.5
1417,Reginald Mouton,06/08/2022,bodyweight_kg,74.5
1418,Carter Welch,03/26/2022,bodyweight_kg,105.8
1419,Kenneth Imperial,06/08/2022,bodyweight_kg,59.5
1420,Nathaniel Hancock,06/08/2022,bodyweight_kg,98.7
1421,Martimiano Altamirano,10/15/2022,bodyweight_kg,79.7
1422,Justin Allamby,10/15/2022,bodyweight_kg,113.6
1423,Ray Thomas,06/08/2022,bodyweight_kg,99.4
1424,Kevin Hayes,02/12/2022,bodyweight_kg,108.2
1425,Bradley Robinson,04/16/2022,bodyweight_kg,81.5
1426,Gordon Bash,06/04/2022,bodyweight_kg,87.0
1427,Andrew Wawersik,05/21/2022,bodyweight_kg,74.7
1428,Jeremy Orme,03/26/2022,bodyweight_kg,109.9
1429,Steven Ridges,02/19/2022,bodyweight_kg,116.3
1430,Michael Berg,10/08/2022,bodyweight_kg,93.0
1431,Dwight Burns,05/29/2022,bodyweight_kg,87.2
1432,Justin Jang,08/13/2022,bodyweight_kg,74.4
1433,Osmar Franco-Barrios,03/30/2022,bodyweight_kg,74.9
1434,Jake Limbardo,07/08/2022,bodyweight_kg,98.6
1435,Zachary Zills,09/03/2022,bodyweight_kg,98.6
1436,Tyler Quesinberry,03/26/2022,bodyweight_kg,97.9
1437,Michael Brazzel,06/08/2022,bodyweight_kg,81.9
1438,Brandon Yahatta,06/04/2022,bodyweight_kg,81.4
1439,Joshua Asarnow,03/26/2022,bodyweight_kg,74.6
1440,Danangelo Cabal,01/22/2022,bodyweight_kg,72.4
1441,Evan Wimbish,10/08/2022,bodyweight_kg,88.3
1442,Terry Jiang,03/26/2022,bodyweight_kg,86.5
1443,Russel Nguyen,06/25/2022,bodyweight_kg,74.7
1444,Johnlou Bernard Reyes,09/24/2022,bodyweight_kg,108.6
1445,Dakoda Trull,03/26/2022,bodyweight_kg,124.2
1446,Ryan Dengler,03/26/2022,bodyweight_kg,105.7
1447,Nathan Gorham,06/08/2022,bodyweight_kg,108.8
1448,Christopher Berger,09/24/2022,bodyweight_kg,105.8
1449,Jackie Vong,03/26/2022,bodyweight_kg,72.7
1450,Peyton Mitties,07/16/2022,bodyweight_kg,90.0
1451,Tyler Davis,07/23/2022,bodyweight_kg,103.7
1452,Nick Sparks,09/25/2022,bodyweight_kg,75.0
1453,Dean Ippolito,10/09/2022,bodyweight_kg,79.6
1454,Jan Astorga,04/16/2022,bodyweight_kg,73.9
1455,Nathan Webster,10/01/2022,bodyweight_kg,82.0
1456,Jalen Allamby,10/15/2022,bodyweight_kg,96.1
1457,Justin Ngo,04/23/2022,bodyweight_kg,81.4
1458,Troy Thompson,03/05/2022,bodyweight_kg,89.5
1459,Bradon Gulch,01/22/2022,bodyweight_kg,122.2
1460,Taylor Moorman,04/23/2022,bodyweight_kg,97.5
1461,Brandin Carballo,03/26/2022,bodyweight_kg,66.2
1462,Zachary Arnold,03/26/2022,bodyweight_kg,89.7
1463,Sean Despres,06/18/2022,bodyweight_kg,105.6
1464,Joshua Brame,02/26/2022,bodyweight_kg,89.7
1465,Bryan Aguada,07/23/2022,bodyweight_kg,87.2
1466,Matthew Spohr,10/01/2022,bodyweight_kg,106.5
1467,Thien Chu,03/06/2022,bodyweight_kg,67.2
1468,Solomon Kim,07/30/2022,bodyweight_kg,97.1
1469,Johnathan Escoffrey,01/22/2022,bodyweight_kg,89.2
1470,John Gonzaba,06/08/2022,bodyweight_kg,67.2
1471,Clayton Cuddington,05/01/2022,bodyweight_kg,99.3
1472,Quentin White,08/13/2022,bodyweight_kg,99.3
1473,Zack Berezay,03/26/2022,bodyweight_kg,99.5
1474,Keontre Walker,04/09/2022,bodyweight_kg,99.5
1475,Rodney Alexander,03/19/2022,bodyweight_kg,66.8
1476,John Paul Arreglado,04/02/2022,bodyweight_kg,66.3
1477,Brock Wetzlich,03/26/2022,bodyweight_kg,109.9
1478,Averil Royal,06/08/2022,bodyweight_kg,98.2
1479,Juneau Catalano,08/13/2022,bodyweight_kg,87.6
1480,Charles Hammonds Jr,06/25/2022,bodyweight_kg,75.0
1481,Sion Farley-Thompson,03/26/2022,bodyweight_kg,79.7
1482,Lucas Young,08/13/2022,bodyweight_kg,74.5
1483,Brandon Ragoonath,03/26/2022,bodyweight_kg,102.3
1484,Clifford David,08/13/2022,bodyweight_kg,89.0
1485,Samuel Kinard,10/08/2022,bodyweight_kg,83.4
1486,Peter Esset,07/30/2022,bodyweight_kg,81.6
1487,Ian Covell,04/23/2022,bodyweight_kg,97.8
1488,John Nickl,07/23/2022,bodyweight_kg,88.5
1489,Shakeel Holman,06/08/2022,bodyweight_kg,98.6
1490,James Tompkins,07/23/2022,bodyweight_kg,89.3
1491,Taj Wellington,05/21/2022,bodyweight_kg,80.0
1492,Alex Mostacero,06/08/2022,bodyweight_kg,107.6
1493,Jacob Juska,03/30/2022,bodyweight_kg,109.1
1494,JeQuille Lyles,04/30/2022,bodyweight_kg,106.1
1495,Antonio Yharbrough,06/08/2022,bodyweight_kg,123.2
1496,Peter Ou,03/26/2022,bodyweight_kg,65.2
1497,James Ronyak,02/12/2022,bodyweight_kg,96.8
1498,Evan Hawk,07/02/2022,bodyweight_kg,74.4
1499,Michael Jones,04/23/2022,bodyweight_kg,93.4
1500,Ricky Zheng,09/03/2022,bodyweight_kg,89.5
1501,Faruk Yucel,07/30/2022,bodyweight_kg,95.5
1502,Colin Embry,05/07/2022,bodyweight_kg,96.9
1503,Tommy Schneider,02/12/2022,bodyweight_kg,89.0
1504,Roland Julian Sulit,04/09/2022,bodyweight_kg,82.1
1505,Connor Ernst,03/30/2022,bodyweight_kg,82.1
1506,Daniel Mello,08/20/2022,bodyweight_kg,98.4
1507,Lewis Henneberger,08/13/2022,bodyweight_kg,107.2
1508,Jackson Jaeger,03/26/2022,bodyweight_kg,81.0
1509,Kevin Chu,06/08/2022,bodyweight_kg,109.6
1510,Larenz Webb,09/24/2022,bodyweight_kg,74.6
1511,Jonathan Bradfield,04/02/2022,bodyweight_kg,89.1
1512,Nick Baldwin,04/09/2022,bodyweight_kg,96.5
1513,Andres Reyes,10/15/2022,bodyweight_kg,95.1
1514,Elliott Sykes,03/23/2022,bodyweight_kg,66.0
1515,Luke Whittenberger,07/23/2022,bodyweight_kg,74.1
1516,Kayon Mitchell,07/16/2022,bodyweight_kg,95.2
1517,Hamza Ahmed,08/13/2022,bodyweight_kg,98.7
1518,Logan Biedermann,03/26/2022,bodyweight_kg,79.4
1519,Travis Cooper,05/01/2022,bodyweight_kg,86.1
1520,Eddie Suarez,04/30/2022,bodyweight_kg,69.8
1521,Zachary Vanderhoff,03/05/2022,bodyweight_kg,80.6
1522,Misha Shteyman,07/23/2022,bodyweight_kg,81.2
1523,Nikita Koba,02/19/2022,bodyweight_kg,108.4
1524,Eddie Lundberg,09/10/2022,bodyweight_kg,81.3
1525,Thomas Newell,03/26/2022,bodyweight_kg,87.5
1526,Jack Lutze,03/26/2022,bodyweight_kg,74.3
1527,Elijah Anderson,04/16/2022,bodyweight_kg,80.2
1528,Bryce Siecko,07/16/2022,bodyweight_kg,80.8
1529,Edward Alicdan Jr,08/13/2022,bodyweight_kg,99.8
1530,Andrew Cain,04/16/2022,bodyweight_kg,80.3
1531,Jonathan Rojas,01/15/2022,bodyweight_kg,75.0
1532,Devin Gordon,04/09/2022,bodyweight_kg,80.9
1533,Brett Ramsey,06/08/2022,bodyweight_kg,104.2
1534,Christopher Marchisotto,10/09/2022,bodyweight_kg,128.3
1535,Victor Lopez,05/07/2022,bodyweight_kg,74.5
1536,Jayson Mull,09/24/2022,bodyweight_kg,96.5
1537,Bryce Scott,05/01/2022,bodyweight_kg,108.2
1538,Constantine Vasilopoulos,03/26/2022,bodyweight_kg,80.5
1539,Donald Phounsavath,03/26/2022,bodyweight_kg,89.9
1540,Will Sepe,03/26/2022,bodyweight_kg,123.2
1541,Ryan Macdonald,06/08/2022,bodyweight_kg,107.6
1542,Josh Cortez,09/24/2022,bodyweight_kg,74.7
1543,Tanner Knox,03/26/2022,bodyweight_kg,93.2
1544,John Le,03/26/2022,bodyweight_kg,74.7
1545,John Hodge,09/10/2022,bodyweight_kg,98.1
1546,Ryan Schroer,07/16/2022,bodyweight_kg,72.5
1547,Kurt Navarro,06/08/2022,bodyweight_kg,59.4
1548,Oscar Hernandez,09/24/2022,bodyweight_kg,73.1
1549,Christion Thomas,06/08/2022,bodyweight_kg,66.1
1550,Clayton Callender,05/29/2022,bodyweight_kg,82.5
1551,Danny Lewis Jr,05/28/2022,bodyweight_kg,101.2
1552,Michael Carter,06/25/2022,bodyweight_kg,95.5
1553,Jackson Jackson,07/16/2022,bodyweight_kg,99.0
1554,Ronald Trigg,03/19/2022,bodyweight_kg,88.9
1555,Elly Jdaidany,07/16/2022,bodyweight_kg,88.2
1556,Nathaniel Wolf,03/06/2022,bodyweight_kg,108.7
1557,Taeyoung Yoon,08/28/2022,bodyweight_kg,73.8
1558,Logan Jones,04/30/2022,bodyweight_kg,87.0
1559,Brett Clevinger,09/10/2022,bodyweight_kg,81.5
1560,Ethan Frank,05/07/2022,bodyweight_kg,97.8
1561,Mark Davis,10/15/2022,bodyweight_kg,95.0
1562,Jacob Breaux,10/15/2022,bodyweight_kg,81.5
1563,Dillon Le,04/30/2022,bodyweight_kg,72.2
1564,Luke Rybarczyk,09/10/2022,bodyweight_kg,98.6
1565,John Zavala,06/18/2022,bodyweight_kg,74.5
1566,Jeremiah Vivero,06/08/2022,bodyweight_kg,82.2
1567,David James,02/26/2022,bodyweight_kg,109.1
1568,Jeff Spawton,06/08/2022,bodyweight_kg,107.6
1569,Max Heller,10/09/2022,bodyweight_kg,82.3
1570,Daniel Aguirre,03/26/2022,bodyweight_kg,89.8
1571,Semaj Antley,03/26/2022,bodyweight_kg,73.5
1572,Ivan Kalustian-Carrier,05/29/2022,bodyweight_kg,99.5
1573,Hunter Metzger,07/23/2022,bodyweight_kg,89.3
1574,Brad Gernazian,05/21/2022,bodyweight_kg,82.4
1575,Christopher DeCaro,03/26/2022,bodyweight_kg,97.4
1576,Michael Walker,01/29/2022,bodyweight_kg,109.3
1577,Ryan Donnelly,01/15/2022,bodyweight_kg,107.8
1578,Collin McKinzie,03/26/2022,bodyweight_kg,88.1
1579,Justin Taylor,03/19/2022,bodyweight_kg,96.1
1580,Caleb Viau,05/29/2022,bodyweight_kg,99.0
1581,Dhimitri Bido,04/23/2022,bodyweight_kg,82.5
1582,Callum Hurst,06/08/2022,bodyweight_kg,73.7
1583,Dafner Sylvain,03/26/2022,bodyweight_kg,94.8
1584,Michael Vargas,09/10/2022,bodyweight_kg,79.5
1585,Jacob Odum,03/26/2022,bodyweight_kg,81.3
1586,Teddy Bien-Aime,02/26/2022,bodyweight_kg,80.7
1587,Wilton Adames,02/20/2022,bodyweight_kg,97.7
1588,Logan Sharp,03/26/2022,bodyweight_kg,87.6
1589,Seth Ruff,03/26/2022,bodyweight_kg,110.9
1590,John Jones Jr.,06/08/2022,bodyweight_kg,119.5
1591,Alexander Ju,07/08/2022,bodyweight_kg,97.7
1592,Ryan Janni,07/08/2022,bodyweight_kg,73.2
1593,Brian Lore,03/26/2022,bodyweight_kg,78.4
1594,Rei Rexha,02/12/2022,bodyweight_kg,81.4
1595,Atilla Turan,07/08/2022,bodyweight_kg,87.7
1596,Sage Ishibashi-To,02/26/2022,bodyweight_kg,75.0
1597,Jack Encheff,04/02/2022,bodyweight_kg,79.7
1598,David Benavides,02/19/2022,bodyweight_kg,73.9
1599,Ray Bowring,04/02/2022,bodyweight_kg,150.9
1600,Micah Rodahl,02/12/2022,bodyweight_kg,105.3
1601,Evan Zheng,02/26/2022,bodyweight_kg,95.2
1602,Billy Mangiamele,04/03/2022,bodyweight_kg,108.4
1603,Lawrence Abner,04/30/2022,bodyweight_kg,71.7
1604,Jared Bowens,03/30/2022,bodyweight_kg,74.0
1605,Matt Cronin,04/10/2022,bodyweight_kg,82.3
1606,William Chapman,03/19/2022,bodyweight_kg,107.7
1607,Joshua Lipp,01/22/2022,bodyweight_kg,65.8
1608,Andrew-Ted Fernandez,08/13/2022,bodyweight_kg,108.5
1609,Joshua Opiela,02/26/2022,bodyweight_kg,139.0
1610,Raymond Jin,03/26/2022,bodyweight_kg,98.8
1611,Colby Humphries,02/26/2022,bodyweight_kg,66.9
1612,KC Bell,07/03/2022,bodyweight_kg,81.1
1613,Brian Ashbee,10/01/2022,bodyweight_kg,78.7
1614,Thai Nguyen,06/25/2022,bodyweight_kg,81.1
1615,Nico Bourgeois,01/15/2022,bodyweight_kg,89.3
1616,Max Story,07/30/2022,bodyweight_kg,88.0
1617,Randall Caldwell,06/18/2022,bodyweight_kg,73.5
1618,Jinsik Kim,08/28/2022,bodyweight_kg,97.5
1619,Brian Elderd,06/25/2022,bodyweight_kg,74.7
1620,John Heilman,06/08/2022,bodyweight_kg,109.5
1621,Airion Britt,02/12/2022,bodyweight_kg,108.8
1622,Benjamin Dresher,08/13/2022,bodyweight_kg,82.5
1623,Rey Espinoza,09/24/2022,bodyweight_kg,74.2
1624,Thomas Swartout,06/25/2022,bodyweight_kg,80.7
1625,Benjamin Rowe,06/08/2022,bodyweight_kg,81.9
1626,Thomas Coons,07/16/2022,bodyweight_kg,73.7
1627,Joseph Sisombath,06/08/2022,bodyweight_kg,134.5
1628,Nick Squires,10/09/2022,bodyweight_kg,98.5
1629,Kane Madison,07/09/2022,bodyweight_kg,69.3
1630,Christian Maldonado,03/26/2022,bodyweight_kg,67.1
1631,Michael Gagnier,02/13/2022,bodyweight_kg,80.2
1632,John Jones,06/25/2022,bodyweight_kg,128.0
1633,Allen Matsumoto,04/16/2022,bodyweight_kg,88.4
1634,Joshua Baboff,01/22/2022,bodyweight_kg,95.1
1635,Spencer Dillingham,05/21/2022,bodyweight_kg,103.0
1636,Samuel Yuen,05/21/2022,bodyweight_kg,82.1
1637,Jeremy Ciha,05/01/2022,bodyweight_kg,109.2
1638,Sterling Walker,06/08/2022,bodyweight_kg,66.2
1639,Andrew Sanchez,09/03/2022,bodyweight_kg,116.5
1640,Travis Strait,03/19/2022,bodyweight_kg,109.3
1641,Anthony Thomas,01/16/2022,bodyweight_kg,89.8
1642,Justin Recio,05/14/2022,bodyweight_kg,110.9
1643,Timothy Wang,08/13/2022,bodyweight_kg,89.3
1644,Uriah Armstrong,01/15/2022,bodyweight_kg,89.3
1645,Josue Leon,06/08/2022,bodyweight_kg,67.0
1646,Alex LaRochelle,06/08/2022,bodyweight_kg,65.8
1647,Daniel Xia,08/13/2022,bodyweight_kg,74.6
1648,Nick Tylutki,02/12/2022,bodyweight_kg,101.1
1649,Stephan Sukola,05/01/2022,bodyweight_kg,98.3
1650,Mitchell Zaplatosch,03/19/2022,bodyweight_kg,74.1
1651,Anthony Robertson,01/15/2022,bodyweight_kg,79.4
1652,Brenton Fleming,10/15/2022,bodyweight_kg,109.7
1653,Robert Parisi,02/26/2022,bodyweight_kg,122.3
1654,Jacob Lyons,06/08/2022,bodyweight_kg,65.4
1655,Tobias Campbell,03/23/2022,bodyweight_kg,87.6
1656,Johnny Mejia,08/13/2022,bodyweight_kg,89.6
1657,Mason Mitchell,06/18/2022,bodyweight_kg,93.6
1658,Isaiah Carrington,02/20/2022,bodyweight_kg,90.9
1659,Toney Lum,05/21/2022,bodyweight_kg,74.3
1660,Erik Hogan,07/16/2022,bodyweight_kg,67.1
1661,Tony Lee,09/10/2022,bodyweight_kg,81.4
1662,Kai Rossbach,03/06/2022,bodyweight_kg,87.1
1663,Fernando Ramos-Diaz,05/29/2022,bodyweight_kg,82.1
1664,Kyle Pung,07/23/2022,bodyweight_kg,119.1
1665,Michael Brown,04/23/2022,bodyweight_kg,122.7
1666,Nick Westgate,05/01/2022,bodyweight_kg,88.4
1667,Ylli Mujaj,09/03/2022,bodyweight_kg,124.5
1668,Emmanuel Trujillo,02/05/2022,bodyweight_kg,85.9
1669,Matthew Poisson,01/15/2022,bodyweight_kg,97.3
1670,Jessie Badeaux,06/08/2022,bodyweight_kg,114.7
1671,Gavino Vara,09/10/2022,bodyweight_kg,88.5
1672,William Lam,05/14/2022,bodyweight_kg,72.7
1673,Kevin Pak,01/22/2022,bodyweight_kg,65.6
1674,Gregory Gyalog,10/08/2022,bodyweight_kg,108.6
1675,Phil Lebel,01/15/2022,bodyweight_kg,91.2
1676,Travis Shouse,03/26/2022,bodyweight_kg,156.3
1677,Craig Jenkins,03/19/2022,bodyweight_kg,89.3
1678,Kelsei Green,02/26/2022,bodyweight_kg,86.7
1679,Justin Hinh,05/07/2022,bodyweight_kg,78.6
1680,Nicholas Makras,05/01/2022,bodyweight_kg,90.0
1681,Brandon Montlavo,08/13/2022,bodyweight_kg,73.4
1682,Nick Stone,03/12/2022,bodyweight_kg,104.9
1683,Vincent Cracchiolo,09/10/2022,bodyweight_kg,90.0
1684,Dylan Kahn,04/16/2022,bodyweight_kg,97.6
1685,Luis Vega,04/09/2022,bodyweight_kg,74.6
1686,Keith Waddell,01/22/2022,bodyweight_kg,106.6
1687,Nicolas Lugioyo,05/07/2022,bodyweight_kg,109.7
1688,Spencer Mann,03/26/2022,bodyweight_kg,99.1
1689,Bryan Dawe,01/22/2022,bodyweight_kg,90.8
1690,Richard Moon,09/17/2022,bodyweight_kg,123.4
1691,Jeff Cohen,06/08/2022,bodyweight_kg,67.0
1692,Daniel Dietrich,03/26/2022,bodyweight_kg,92.3
1693,Fernando Diaz,06/18/2022,bodyweight_kg,81.3
1694,Nicholas Trakas,05/29/2022,bodyweight_kg,67.5
1695,Jason Navarro,04/30/2022,bodyweight_kg,80.1
1696,Ricky Huynh,03/30/2022,bodyweight_kg,74.2
1697,Vaibhav Jaideep,08/06/2022,bodyweight_kg,85.1
1698,Sean Luangpraseuth,03/26/2022,bodyweight_kg,67.1
1699,Timothy Ochoa,09/03/2022,bodyweight_kg,67.1
1700,Zachary Klapp,03/06/2022,bodyweight_kg,74.3
1701,Joshua Sparks,07/10/2022,bodyweight_kg,87.1
1702,Nikolas Cristan,03/23/2022,bodyweight_kg,88.5
1703,Asher Johnson,02/26/2022,bodyweight_kg,89.8
1704,Michael Crehan,09/10/2022,bodyweight_kg,81.5
1705,Tyler Otto,07/09/2022,bodyweight_kg,98.9
1706,Benjamin Bulson,07/08/2022,bodyweight_kg,89.2
1707,Saimon Haddad,08/13/2022,bodyweight_kg,99.6
1708,Marc Greco,06/18/2022,bodyweight_kg,89.9
1709,Ilian Rojas,06/18/2022,bodyweight_kg,98.2
1710,Dat Le,06/08/2022,bodyweight_kg,59.4
1711,John Keeley,03/26/2022,bodyweight_kg,98.9
1712,Newton Cheng,03/04/2022,bodyweight_kg,59.3
1713,Mitchell Jones,10/15/2022,bodyweight_kg,99.0
1714,Dylan McKinney,08/13/2022,bodyweight_kg,89.3
1715,Walter Oro Abrahao,04/30/2022,bodyweight_kg,99.1
1716,Kevin Luke,01/22/2022,bodyweight_kg,104.3
1717,stanley zapata,08/13/2022,bodyweight_kg,73.5
1718,Evan Ross,08/06/2022,bodyweight_kg,87.5
1719,Tyler Tillmon,04/09/2022,bodyweight_kg,81.8
1720,Kyle Morris,03/19/2022,bodyweight_kg,73.5
1721,Hassan Sobh,08/27/2022,bodyweight_kg,73.5
1722,Victor Truong,07/30/2022,bodyweight_kg,97.1
1723,Carson LaBarre,03/22/2022,bodyweight_kg,104.5
1724,MItchell Rees,02/26/2022,bodyweight_kg,88.9
1725,Gabriel Reyes,04/09/2022,bodyweight_kg,81.9
1726,Jacob Woods,03/19/2022,bodyweight_kg,74.8
1727,Hashem Elsherbeny,03/26/2022,bodyweight_kg,95.8
1728,Skyler Giannetti,01/22/2022,bodyweight_kg,82.0
1729,Kristian Elvina,07/08/2022,bodyweight_kg,82.0
1730,Jarrett Nowak,03/26/2022,bodyweight_kg,87.7
1731,Andrew Graves,09/25/2022,bodyweight_kg,82.1
1732,Krystian Garbicz,03/26/2022,bodyweight_kg,98.1
1733,Kurt Duchow,01/22/2022,bodyweight_kg,107.9
1734,Jordan Bywater,08/27/2022,bodyweight_kg,108.7
1735,Maurice McFadden,08/27/2022,bodyweight_kg,89.9
1736,Marc Lehnert,06/08/2022,bodyweight_kg,119.6
1737,Timothy Wong,08/13/2022,bodyweight_kg,88.7
1738,Sean Ramirez,04/30/2022,bodyweight_kg,97.6
1739,Cameron Lunsford,03/26/2022,bodyweight_kg,99.0
1740,Brandon Diamond,05/01/2022,bodyweight_kg,96.9
1741,Kevin Nuesi,07/16/2022,bodyweight_kg,90.0
1742,Ryan North,07/16/2022,bodyweight_kg,99.8
1743,Jared Zapanta,05/07/2022,bodyweight_kg,73.9
1744,Christian Kornegay,03/05/2022,bodyweight_kg,98.4
1745,Norman Leflore,05/21/2022,bodyweight_kg,73.9
1746,Christopher Padilla,06/08/2022,bodyweight_kg,59.4
1747,Lance Madden,04/10/2022,bodyweight_kg,82.4
1748,Benjamin Pendley,09/11/2022,bodyweight_kg,88.8
1749,Brock Young,02/12/2022,bodyweight_kg,89.5
1750,David Weisman,05/28/2022,bodyweight_kg,80.0
1751,Ty Welsch,04/02/2022,bodyweight_kg,99.3
1752,Chad Mara,05/07/2022,bodyweight_kg,97.9
1753,Asante Gordon,03/23/2022,bodyweight_kg,65.8
1754,Joaquin Jacquez,07/23/2022,bodyweight_kg,98.7
1755,Randy Michael,07/23/2022,bodyweight_kg,96.5
1756,Andre Butler,07/30/2022,bodyweight_kg,98.0
1757,Thomas Swain,01/15/2022,bodyweight_kg,97.3
1758,Aaron DelMundo,07/08/2022,bodyweight_kg,74.2
1759,Yuheng Liu,03/26/2022,bodyweight_kg,73.6
1760,Ethan Stone,03/23/2022,bodyweight_kg,82.0
1761,Max Marohl,07/09/2022,bodyweight_kg,87.8
1762,Alex Merino,01/22/2022,bodyweight_kg,108.9
1763,Jj Ortiz,09/10/2022,bodyweight_kg,74.3
1764,Matthew Griffin,04/16/2022,bodyweight_kg,89.9
1765,Cyler Anderson,07/16/2022,bodyweight_kg,98.3
1766,Mauricio Salazar,09/10/2022,bodyweight_kg,97.6
1767,Tanzeem Mahtab,01/22/2022,bodyweight_kg,81.6
1768,Ethan Winn,03/26/2022,bodyweight_kg,89.3
1769,Conner Wilmas,04/09/2022,bodyweight_kg,153.8
1770,Pavlo Mishchuk,07/16/2022,bodyweight_kg,126.2
1771,Chase Ulrick,02/12/2022,bodyweight_kg,121.7
1772,Jakweli Gist,03/22/2022,bodyweight_kg,81.0
1773,Avery Collins,09/10/2022,bodyweight_kg,85.4
1774,Ervin Rodriguez Lopez,04/23/2022,bodyweight_kg,90.0
1775,Praveen Sakthivel,08/20/2022,bodyweight_kg,86.1
1776,Natrevian Daniels,01/15/2022,bodyweight_kg,109.9
1777,Zarek Jarvis,07/23/2022,bodyweight_kg,82.3
1778,Denzel Robinson,09/03/2022,bodyweight_kg,80.5
1779,Daniel Moseley,09/03/2022,bodyweight_kg,79.3
1780,Rocky Molina Ii,04/23/2022,bodyweight_kg,123.8
1781,Tyler Montanye,04/02/2022,bodyweight_kg,99.3
1782,Kurt Labiano,06/08/2022,bodyweight_kg,67.2
1783,Antonio Vaca,08/06/2022,bodyweight_kg,81.8
1784,Brendan Parr,03/26/2022,bodyweight_kg,81.8
1785,Michael Jolly,04/09/2022,bodyweight_kg,98.7
1786,Luke Montavon,06/18/2022,bodyweight_kg,81.9
1787,Jonathan Chaves,04/23/2022,bodyweight_kg,89.0
1788,Kevin Kattiandagho,02/26/2022,bodyweight_kg,74.1
1789,Jack Kirschler,02/12/2022,bodyweight_kg,80.7
1790,Jose Gonzalez,06/08/2022,bodyweight_kg,81.3
1791,Michael Chalupny,10/16/2022,bodyweight_kg,73.0
1792,Matthew Garcia,10/15/2022,bodyweight_kg,96.0
1793,Alexander Parsons,09/17/2022,bodyweight_kg,73.6
1794,Justin Bailey,03/19/2022,bodyweight_kg,117.2
1795,Jacob Park,03/23/2022,bodyweight_kg,73.0
1796,Chris Appiah,03/20/2022,bodyweight_kg,138.2
1797,Andrew Keller,10/01/2022,bodyweight_kg,89.3
1798,Gerald Green Jr.,08/06/2022,bodyweight_kg,74.3
1799,Matthew Gray,02/19/2022,bodyweight_kg,114.8
1800,Ethan Yodanza,01/16/2022,bodyweight_kg,89.3
1801,Albert Carter,05/07/2022,bodyweight_kg,81.6
1802,José Lagunas,09/10/2022,bodyweight_kg,73.8
1803,Faolan Gordon,06/25/2022,bodyweight_kg,78.6
1804,Donald Stample,05/07/2022,bodyweight_kg,107.6
1805,Evan Poust,07/08/2022,bodyweight_kg,81.7
1806,Bernabe Piedra,04/09/2022,bodyweight_kg,97.2
1807,Oonagh Aatnite,10/08/2022,bodyweight_kg,88.9
1808,Ethan Maynord,08/27/2022,bodyweight_kg,76.9
1809,Alvin Vo,03/26/2022,bodyweight_kg,74.0
1810,Ollie George,06/18/2022,bodyweight_kg,96.6
1811,Bryce Braun,03/12/2022,bodyweight_kg,107.1
1812,Nathan Beeler,03/22/2022,bodyweight_kg,74.0
1813,Joseph Koenecke,03/26/2022,bodyweight_kg,98.8
1814,Michael Hafenbrack,06/08/2022,bodyweight_kg,69.8
1815,Jason Jackson,06/08/2022,bodyweight_kg,72.3
1816,Kevin Serrano,08/06/2022,bodyweight_kg,66.2
1817,Tomohiro Sasaki,03/26/2022,bodyweight_kg,74.7
1818,Ernesto limon,04/09/2022,bodyweight_kg,101.9
1819,Dennis Bitetti,04/03/2022,bodyweight_kg,98.2
1820,Nathan Zephir,08/13/2022,bodyweight_kg,107.3
1821,Matt Baller,02/19/2022,bodyweight_kg,122.6
1822,Michael Kuhns,03/05/2022,bodyweight_kg,59.4
1823,Kyle Britt,01/29/2022,bodyweight_kg,108.2
1824,Jason Garcia,07/08/2022,bodyweight_kg,73.6
1825,Keagan Parker,08/27/2022,bodyweight_kg,89.2
1826,Mars Watkins,01/29/2022,bodyweight_kg,96.2
1827,Christopher Aceves,04/09/2022,bodyweight_kg,74.2
1828,Devin Clark,03/05/2022,bodyweight_kg,97.6
1829,Sam Limbardo,07/08/2022,bodyweight_kg,96.9
1830,Paul Boss,04/02/2022,bodyweight_kg,86.0
1831,Sebastian Padilla,08/13/2022,bodyweight_kg,99.1
1832,Jonathan Braat,06/18/2022,bodyweight_kg,73.7
1833,Moises Amaro,03/26/2022,bodyweight_kg,71.8
1834,Dante Searcy,09/11/2022,bodyweight_kg,74.3
1835,Michael Sysavan,07/23/2022,bodyweight_kg,74.9
1836,Danh Tran,04/30/2022,bodyweight_kg,109.2
1837,Alexander Mazzella,02/12/2022,bodyweight_kg,79.1
1838,Chase Chapa,03/26/2022,bodyweight_kg,58.6
1839,Ramsey Rohner,01/16/2022,bodyweight_kg,92.1
1840,Aaron Javier,09/10/2022,bodyweight_kg,98.5
1841,Alexander Ono,02/26/2022,bodyweight_kg,73.2
1842,James Ramadhan,09/10/2022,bodyweight_kg,73.8
1843,Nick Culbertson,04/30/2022,bodyweight_kg,82.3
1844,Michael Reed,05/01/2022,bodyweight_kg,92.2
1845,Bob Eucker,01/15/2022,bodyweight_kg,106.3
1846,Seth Despres,06/18/2022,bodyweight_kg,97.2
1847,Sergio Coronado,04/30/2022,bodyweight_kg,88.2
1848,Tucker Richey,06/08/2022,bodyweight_kg,141.2
1849,Ryan Hargett,08/27/2022,bodyweight_kg,79.9
1850,Huy Hathuc,03/26/2022,bodyweight_kg,64.9
1851,Jonathan Ocana,10/15/2022,bodyweight_kg,97.3
1852,Evan Van Bree,03/23/2022,bodyweight_kg,95.8
1853,Gavin Louviere,03/26/2022,bodyweight_kg,67.1
1854,Juan Sanchez,04/02/2022,bodyweight_kg,82.4
1855,Ryan Hanley,04/30/2022,bodyweight_kg,108.7
1856,Zakk Weichbrodt,05/28/2022,bodyweight_kg,98.0
1857,Brody Littrell,06/25/2022,bodyweight_kg,80.6
1858,Bryce Grisez,03/26/2022,bodyweight_kg,73.9
1859,Aiden Gates,09/17/2022,bodyweight_kg,81.9
1860,Raymond Gonzales,05/29/2022,bodyweight_kg,120.7
1861,Carter Trowbridge,03/26/2022,bodyweight_kg,101.0
1862,Caden Frisby,04/16/2022,bodyweight_kg,82.5
1863,Matthew Hood,09/04/2022,bodyweight_kg,112.1
1864,Ben Silverstein,01/22/2022,bodyweight_kg,72.9
1865,Dennis Nguyen,03/26/2022,bodyweight_kg,74.6
1866,Nathan Kim,01/29/2022,bodyweight_kg,81.3
1867,Alex Cano,03/26/2022,bodyweight_kg,74.6
1868,Jonathan Graf,03/26/2022,bodyweight_kg,73.5
1869,Nicholas Soto,05/29/2022,bodyweight_kg,105.0
1870,Dallin Robertson,07/16/2022,bodyweight_kg,89.8
1871,Jalen Nix,03/19/2022,bodyweight_kg,75.9
1872,Robert Witzlib,04/23/2022,bodyweight_kg,98.3
1873,David ledezma,02/26/2022,bodyweight_kg,59.9
1874,Hilario Alfaro,02/26/2022,bodyweight_kg,85.9
1875,Seth Botelho,06/04/2022,bodyweight_kg,88.6
1876,Abner Nazario,05/29/2022,bodyweight_kg,81.5
1877,Jovan Baez,06/18/2022,bodyweight_kg,80.9
1878,Andres Bayuelo,08/13/2022,bodyweight_kg,80.3
1879,Alex Smith,01/15/2022,bodyweight_kg,81.8
1880,Dalvin Chevalier,06/25/2022,bodyweight_kg,88.7
1881,Cody Morris,02/19/2022,bodyweight_kg,81.0
1882,Sam Pence,03/26/2022,bodyweight_kg,108.5
1883,Anthony Hill,08/13/2022,bodyweight_kg,97.8
1884,Esau Rivas,02/19/2022,bodyweight_kg,74.9
1885,Jackson Thomas,07/09/2022,bodyweight_kg,96.4
1886,James Grunert,01/22/2022,bodyweight_kg,84.2
1887,Cristian Benitez,09/10/2022,bodyweight_kg,88.8
1888,Peter Nguyen,07/23/2022,bodyweight_kg,82.3
1889,Phat Diep,08/13/2022,bodyweight_kg,89.5
1890,Nathaniel Johnson,07/02/2022,bodyweight_kg,124.3
1891,Daniel Villa,01/22/2022,bodyweight_kg,88.2
1892,Jared Trantina,03/26/2022,bodyweight_kg,88.9
1893,Miguel Alejandre,04/02/2022,bodyweight_kg,98.8
1894,Vitaliy Matev,09/25/2022,bodyweight_kg,125.4
1895,Vitaly Sender,03/05/2022,bodyweight_kg,82.4
1896,Brandon McDowell,03/05/2022,bodyweight_kg,122.6
1897,David Gulyan,04/30/2022,bodyweight_kg,96.6
1898,Manny Batinga Jr,01/29/2022,bodyweight_kg,72.2
1899,Jackson Berndt,06/18/2022,bodyweight_kg,73.4
1900,Christopher Godlewski,09/10/2022,bodyweight_kg,89.8
1901,Derek Canterbury,03/19/2022,bodyweight_kg,136.6
1902,Haidyn Dejean,01/22/2022,bodyweight_kg,82.0
1903,Michael Beaupre,07/30/2022,bodyweight_kg,66.1
1904,Carter Wheat,06/08/2022,bodyweight_kg,171.3
1905,Sean Kishel,05/21/2022,bodyweight_kg,109.9
1906,David Goldstein,03/05/2022,bodyweight_kg,82.0
1907,John Wallace,03/26/2022,bodyweight_kg,115.0
1908,Eddy Loeza,08/13/2022,bodyweight_kg,74.1
1909,Cordarius Harris,03/26/2022,bodyweight_kg,58.4
1910,Trent Hurtado,03/26/2022,bodyweight_kg,81.4
1911,William Reisinger,03/26/2022,bodyweight_kg,88.6
1912,Luke Iannucci,07/30/2022,bodyweight_kg,79.0
1913,Garrett Parkhill,03/26/2022,bodyweight_kg,99.6
1914,David Nguyen,04/09/2022,bodyweight_kg,74.8
1915,Gabriel Penzo,07/02/2022,bodyweight_kg,79.0
1916,Taylor Lipton,08/06/2022,bodyweight_kg,97.8
1917,Dominique Munroe,02/19/2022,bodyweight_kg,128.0
1918,Cardavius Davis,07/30/2022,bodyweight_kg,88.7
1919,Kurt Villa,09/17/2022,bodyweight_kg,99.3
1920,Alexander Frawley,07/30/2022,bodyweight_kg,96.4
1921,Sean Varela,04/23/2022,bodyweight_kg,89.5
1922,Charles Le,07/30/2022,bodyweight_kg,97.9
1923,Logan Herrington,05/07/2022,bodyweight_kg,106.3
1924,Rodney Acevedo,03/26/2022,bodyweight_kg,89.5
1925,Alexander Perez,08/06/2022,bodyweight_kg,81.0
1926,Brad Jennings,03/26/2022,bodyweight_kg,105.5
1927,Enoc Amador,06/25/2022,bodyweight_kg,87.5
1928,Jeremy Kane,07/30/2022,bodyweight_kg,87.5
1929,Jerrold Beach,01/29/2022,bodyweight_kg,106.4
1930,Juyoung Lee,03/26/2022,bodyweight_kg,74.4
1931,Cameron Brown,10/09/2022,bodyweight_kg,94.5
1932,Nathaniel Neill,09/11/2022,bodyweight_kg,73.8
1933,Weston Wilborn,07/23/2022,bodyweight_kg,87.0
1934,Luke Miles,03/23/2022,bodyweight_kg,110.8
1935,Abdulrahmane Abdul-Aziz,07/09/2022,bodyweight_kg,80.0
1936,Connor Loskie,06/08/2022,bodyweight_kg,77.8
1937,Kyle Davidson,04/23/2022,bodyweight_kg,89.2
1938,Phil Diamond,03/04/2022,bodyweight_kg,138.0
1939,Mike Tedesco,07/08/2022,bodyweight_kg,106.9
1940,Brennon Naquin,08/06/2022,bodyweight_kg,81.4
1941,Eric Cutherell,03/26/2022,bodyweight_kg,89.3
1942,Mikel Bozarth,06/25/2022,bodyweight_kg,88.0
1943,Raphael Olfato,01/22/2022,bodyweight_kg,88.0
1944,Dylan Price,05/21/2022,bodyweight_kg,72.4
1945,Minki Hong,02/26/2022,bodyweight_kg,74.7
1946,Charles Williams,01/16/2022,bodyweight_kg,79.6
1947,Jose Mendoza,04/02/2022,bodyweight_kg,119.8
1948,Kevin Cherry,10/08/2022,bodyweight_kg,88.7
1949,Grant Higa,03/04/2022,bodyweight_kg,139.4
1950,Ed Minelli,01/22/2022,bodyweight_kg,124.4
1951,Caleb England,06/08/2022,bodyweight_kg,163.6
1952,Joshua Franks,03/26/2022,bodyweight_kg,81.5
1953,Ryan Walsh,03/12/2022,bodyweight_kg,97.9
1954,Tyler Shook,08/13/2022,bodyweight_kg,82.2
1955,William Valle,07/23/2022,bodyweight_kg,108.8
1956,Hayden Martin,10/15/2022,bodyweight_kg,88.1
1957,Connor Moore,07/16/2022,bodyweight_kg,84.8
1958,Bryan Peralta,04/30/2022,bodyweight_kg,81.6
1959,Eugene Carl Malvar,06/08/2022,bodyweight_kg,67.4
1960,Nathan Gottesman,10/15/2022,bodyweight_kg,93.7
1961,Lorenzo Barnes,06/08/2022,bodyweight_kg,173.8
1962,Jakob Koleszar,05/01/2022,bodyweight_kg,81.7
1963,Joshua Hemenway,01/22/2022,bodyweight_kg,82.4
1964,Obadiah Thompson,04/16/2022,bodyweight_kg,98.9
1965,Lance Maulsby,03/26/2022,bodyweight_kg,66.9
1966,Michael Koenig,07/30/2022,bodyweight_kg,87.6
1967,Justin Blechinger,03/05/2022,bodyweight_kg,85.6
1968,Juan Daniel Sobrepena,01/15/2022,bodyweight_kg,81.7
1969,Raymond Chow,01/15/2022,bodyweight_kg,74.4
1970,Jonathan Fisher,05/29/2022,bodyweight_kg,88.3
1971,Nick Hammer,10/08/2022,bodyweight_kg,106.7
1972,Kaden Gammelgaard,04/02/2022,bodyweight_kg,97.5
1973,Mark Bogle,04/09/2022,bodyweight_kg,66.5
1974,Caleb Slaughter,03/26/2022,bodyweight_kg,110.0
1975,Ayush Gupta,05/21/2022,bodyweight_kg,67.0
1976,Ryan Hollis,09/10/2022,bodyweight_kg,79.3
1977,Alfred Lopez,09/10/2022,bodyweight_kg,82.5
1978,Jared Arkfeld,07/09/2022,bodyweight_kg,81.3
1979,Jackson Burch,09/24/2022,bodyweight_kg,119.6
1980,Elijah Dertz,03/26/2022,bodyweight_kg,122.3
1981,Logan Bjurstrom,07/09/2022,bodyweight_kg,80.7
1982,Josh Foote,03/23/2022,bodyweight_kg,96.2
1983,Patrick Jin,03/20/2022,bodyweight_kg,97.7
1984,Jeffrey Wong,04/30/2022,bodyweight_kg,67.2
1985,Khalil Murphy,01/15/2022,bodyweight_kg,95.6
1986,James Brockmeyer,08/13/2022,bodyweight_kg,90.0
1987,Brendan Papin,02/12/2022,bodyweight_kg,97.1
1988,Dennis Forrest,02/20/2022,bodyweight_kg,103.9
1989,Gio Guerrero,09/24/2022,bodyweight_kg,74.1
1990,Rob Ward,03/04/2022,bodyweight_kg,139.7
1991,Michael McBroom,03/26/2022,bodyweight_kg,82.1
1992,Kenneth Brashears,03/05/2022,bodyweight_kg,141.6
1993,Ivan Martinovic,09/25/2022,bodyweight_kg,88.1
1994,Roman Ornelaz,09/10/2022,bodyweight_kg,80.9
1995,Max Bergman,03/22/2022,bodyweight_kg,77.2
1996,Seth Burman,03/05/2022,bodyweight_kg,97.3
1997,Evan Talnose,03/23/2022,bodyweight_kg,80.3
1998,Jordan Roman,01/22/2022,bodyweight_kg,80.3
1999,Alex Maksym,09/11/2022,bodyweight_kg,98.0
